<metadata xml:lang="en"><Esri><CreaDate>20251110</CreaDate><CreaTime>16395500</CreaTime><ArcGISFormat>1.0</ArcGISFormat><SyncOnce>FALSE</SyncOnce><DataProperties><itemProps><itemName Sync="TRUE">GVan_DA_Final</itemName><imsContentType Sync="TRUE">002</imsContentType><itemLocation><linkage Sync="TRUE">file://\\FRST-PM202\C$\Users\zj1026.stu\OneDrive - UBC\FCOR599\Term1Presentation\Output_Data\GVan_DA_Final.shp</linkage><protocol Sync="TRUE">Local Area Network</protocol></itemLocation><itemSize Sync="TRUE">0.000</itemSize></itemProps><coordRef><type Sync="TRUE">Projected</type><geogcsn Sync="TRUE">GCS_North_American_1983</geogcsn><csUnits Sync="TRUE">Linear Unit: Meter (1.000000)</csUnits><projcsn Sync="TRUE">NAD_1983_UTM_Zone_10N</projcsn><peXml Sync="TRUE">&lt;ProjectedCoordinateSystem xsi:type='typens:ProjectedCoordinateSystem' xmlns:xsi='http://www.w3.org/2001/XMLSchema-instance' xmlns:xs='http://www.w3.org/2001/XMLSchema' xmlns:typens='http://www.esri.com/schemas/ArcGIS/3.5.0'&gt;&lt;WKT&gt;PROJCS[&amp;quot;NAD_1983_UTM_Zone_10N&amp;quot;,GEOGCS[&amp;quot;GCS_North_American_1983&amp;quot;,DATUM[&amp;quot;D_North_American_1983&amp;quot;,SPHEROID[&amp;quot;GRS_1980&amp;quot;,6378137.0,298.257222101]],PRIMEM[&amp;quot;Greenwich&amp;quot;,0.0],UNIT[&amp;quot;Degree&amp;quot;,0.0174532925199433]],PROJECTION[&amp;quot;Transverse_Mercator&amp;quot;],PARAMETER[&amp;quot;False_Easting&amp;quot;,500000.0],PARAMETER[&amp;quot;False_Northing&amp;quot;,0.0],PARAMETER[&amp;quot;Central_Meridian&amp;quot;,-123.0],PARAMETER[&amp;quot;Scale_Factor&amp;quot;,0.9996],PARAMETER[&amp;quot;Latitude_Of_Origin&amp;quot;,0.0],UNIT[&amp;quot;Meter&amp;quot;,1.0],AUTHORITY[&amp;quot;EPSG&amp;quot;,26910]]&lt;/WKT&gt;&lt;XOrigin&gt;-5120900&lt;/XOrigin&gt;&lt;YOrigin&gt;-9998100&lt;/YOrigin&gt;&lt;XYScale&gt;450445547.3910538&lt;/XYScale&gt;&lt;ZOrigin&gt;-100000&lt;/ZOrigin&gt;&lt;ZScale&gt;10000&lt;/ZScale&gt;&lt;MOrigin&gt;-100000&lt;/MOrigin&gt;&lt;MScale&gt;10000&lt;/MScale&gt;&lt;XYTolerance&gt;0.001&lt;/XYTolerance&gt;&lt;ZTolerance&gt;0.001&lt;/ZTolerance&gt;&lt;MTolerance&gt;0.001&lt;/MTolerance&gt;&lt;HighPrecision&gt;true&lt;/HighPrecision&gt;&lt;WKID&gt;26910&lt;/WKID&gt;&lt;LatestWKID&gt;26910&lt;/LatestWKID&gt;&lt;/ProjectedCoordinateSystem&gt;</peXml></coordRef><lineage><Process ToolSource="c:\program files\arcgis\pro\Resources\ArcToolbox\toolboxes\Data Management Tools.tbx\CopyFeatures" Date="20251110" Time="121703">CopyFeatures lda_000b21a_e "C:\Users\zj1026.stu\OneDrive - UBC\FCOR599\Term1Presentation\Term1presentation\Term1presentation.gdb\lda_000b21a_e" # # # #</Process><Process ToolSource="c:\program files\arcgis\pro\Resources\ArcToolbox\toolboxes\Analysis Tools.tbx\Clip" Date="20251110" Time="121828">Clip lda_000b21a_e Greater_Vancouver_Municipal_Boundaries "C:\Users\zj1026.stu\OneDrive - UBC\FCOR599\Term1Presentation\Term1presentation\Term1presentation.gdb\GVan_Dissemination_Area" #</Process><Process ToolSource="c:\program files\arcgis\pro\Resources\ArcToolbox\toolboxes\Data Management Tools.tbx\Project" Date="20251110" Time="163955">Project GVan_Dissemination_Area "C:\Users\zj1026.stu\OneDrive - UBC\FCOR599\Term1Presentation\Term1presentation\Term1presentation.gdb\GVan_Dissemination_Area_" PROJCS["NAD_1983_UTM_Zone_10N",GEOGCS["GCS_North_American_1983",DATUM["D_North_American_1983",SPHEROID["GRS_1980",6378137.0,298.257222101]],PRIMEM["Greenwich",0.0],UNIT["Degree",0.0174532925199433]],PROJECTION["Transverse_Mercator"],PARAMETER["False_Easting",500000.0],PARAMETER["False_Northing",0.0],PARAMETER["Central_Meridian",-123.0],PARAMETER["Scale_Factor",0.9996],PARAMETER["Latitude_Of_Origin",0.0],UNIT["Meter",1.0]] 'NAD_1983_CSRS_To_WGS_1984_2 + WGS_1984_(ITRF00)_To_NAD_1983' PROJCS["NAD_1983_CSRS_UTM_Zone_10N",GEOGCS["GCS_North_American_1983_CSRS",DATUM["D_North_American_1983_CSRS",SPHEROID["GRS_1980",6378137.0,298.257222101]],PRIMEM["Greenwich",0.0],UNIT["Degree",0.0174532925199433]],PROJECTION["Transverse_Mercator"],PARAMETER["False_Easting",500000.0],PARAMETER["False_Northing",0.0],PARAMETER["Central_Meridian",-123.0],PARAMETER["Scale_Factor",0.9996],PARAMETER["Latitude_Of_Origin",0.0],UNIT["Meter",1.0]] NO_PRESERVE_SHAPE # NO_VERTICAL</Process><Process ToolSource="c:\program files\arcgis\pro\Resources\ArcToolbox\toolboxes\Data Management Tools.tbx\Rename" Date="20251110" Time="164017">Rename "C:\Users\zj1026.stu\OneDrive - UBC\FCOR599\Term1Presentation\Term1presentation\Term1presentation.gdb\GVan_Dissemination_Area_" "C:\Users\zj1026.stu\OneDrive - UBC\FCOR599\Term1Presentation\Term1presentation\Term1presentation.gdb\GVan_Dissemination_Area" FeatureClass</Process><Process ToolSource="c:\program files\arcgis\pro\Resources\ArcToolbox\toolboxes\Data Management Tools.tbx\JoinField" Date="20251110" Time="164808">JoinField GVan_Dissemination_Area DAUID StopDistanceTable DAUID MEAN NOT_USE_FM # NO_INDEXES</Process><Process ToolSource="c:\program files\arcgis\pro\Resources\ArcToolbox\toolboxes\Data Management Tools.tbx\UpdateSchema" Date="20251110" Time="172035">UpdateSchema "CIMDATA=&lt;CIMStandardDataConnection xsi:type='typens:CIMStandardDataConnection' xmlns:xsi='http://www.w3.org/2001/XMLSchema-instance' xmlns:xs='http://www.w3.org/2001/XMLSchema' xmlns:typens='http://www.esri.com/schemas/ArcGIS/3.5.0'&gt;&lt;WorkspaceFactory&gt;FileGDB&lt;/WorkspaceFactory&gt;&lt;Dataset&gt;GVan_Dissemination_Area&lt;/Dataset&gt;&lt;DatasetType&gt;esriDTFeatureClass&lt;/DatasetType&gt;&lt;/CIMStandardDataConnection&gt;" &lt;operationSequence&gt;&lt;workflow&gt;&lt;AlterField&gt;&lt;field_name&gt;MEAN&lt;/field_name&gt;&lt;new_field_name&gt;StopDistance&lt;/new_field_name&gt;&lt;field_is_nullable&gt;True&lt;/field_is_nullable&gt;&lt;clear_field_alias&gt;False&lt;/clear_field_alias&gt;&lt;/AlterField&gt;&lt;/workflow&gt;&lt;/operationSequence&gt;</Process><Process ToolSource="c:\program files\arcgis\pro\Resources\ArcToolbox\toolboxes\Data Management Tools.tbx\JoinField" Date="20251110" Time="173155">JoinField GVan_Dissemination_Area DAUID CBDDistanceTable DAUID MEAN NOT_USE_FM # NO_INDEXES</Process><Process ToolSource="c:\program files\arcgis\pro\Resources\ArcToolbox\toolboxes\Data Management Tools.tbx\UpdateSchema" Date="20251110" Time="173227">UpdateSchema "CIMDATA=&lt;CIMStandardDataConnection xsi:type='typens:CIMStandardDataConnection' xmlns:xsi='http://www.w3.org/2001/XMLSchema-instance' xmlns:xs='http://www.w3.org/2001/XMLSchema' xmlns:typens='http://www.esri.com/schemas/ArcGIS/3.5.0'&gt;&lt;WorkspaceFactory&gt;FileGDB&lt;/WorkspaceFactory&gt;&lt;Dataset&gt;GVan_Dissemination_Area&lt;/Dataset&gt;&lt;DatasetType&gt;esriDTFeatureClass&lt;/DatasetType&gt;&lt;/CIMStandardDataConnection&gt;" &lt;operationSequence&gt;&lt;workflow&gt;&lt;AlterField&gt;&lt;field_name&gt;MEAN&lt;/field_name&gt;&lt;new_field_name&gt;CBDDistance&lt;/new_field_name&gt;&lt;field_is_nullable&gt;True&lt;/field_is_nullable&gt;&lt;clear_field_alias&gt;False&lt;/clear_field_alias&gt;&lt;/AlterField&gt;&lt;/workflow&gt;&lt;/operationSequence&gt;</Process><Process ToolSource="c:\program files\arcgis\pro\Resources\ArcToolbox\toolboxes\Conversion Tools.tbx\ExportFeatures" Date="20251110" Time="174113">ExportFeatures GVan_Dissemination_Area "C:\Users\zj1026.stu\OneDrive - UBC\FCOR599\Term1Presentation\Term1presentation\Term1presentation.gdb\GVan_Dissemination_Area_ExportFeatures" # NOT_USE_ALIAS "DAUID "DAUID" true true false 8 Text 0 0,First,#,GVan_Dissemination_Area,DAUID,0,7;DGUID "DGUID" true true false 21 Text 0 0,First,#,GVan_Dissemination_Area,DGUID,0,20;LANDAREA "LANDAREA" true true false 8 Double 0 0,First,#,GVan_Dissemination_Area,LANDAREA,-1,-1;PRUID "PRUID" true true false 2 Text 0 0,First,#,GVan_Dissemination_Area,PRUID,0,1;Shape_Length "Shape_Length" false true true 8 Double 0 0,First,#,GVan_Dissemination_Area,Shape_Length,-1,-1;Shape_Area "Shape_Area" false true true 8 Double 0 0,First,#,GVan_Dissemination_Area,Shape_Area,-1,-1;StopDistance "StopDistance" true true false 8 Double 0 0,First,#,GVan_Dissemination_Area,StopDistance,-1,-1;CBDDistance "CBDDistance" true true false 8 Double 0 0,First,#,GVan_Dissemination_Area,CBDDistance,-1,-1" #</Process><Process ToolSource="c:\program files\arcgis\pro\Resources\ArcToolbox\toolboxes\Data Management Tools.tbx\Rename" Date="20251110" Time="174908">Rename "C:\Users\zj1026.stu\OneDrive - UBC\FCOR599\Term1Presentation\Term1presentation\Term1presentation.gdb\GVan_Dissemination_Area_ExportFeatures" "C:\Users\zj1026.stu\OneDrive - UBC\FCOR599\Term1Presentation\Term1presentation\Term1presentation.gdb\GVan_Dissemination_Area" FeatureClass</Process><Process ToolSource="c:\program files\arcgis\pro\Resources\ArcToolbox\Toolboxes\Data Management Tools.tbx\UpdateSchema" Date="20251115" Time="213604">UpdateSchema "CIMDATA=&lt;CIMStandardDataConnection xsi:type='typens:CIMStandardDataConnection' xmlns:xsi='http://www.w3.org/2001/XMLSchema-instance' xmlns:xs='http://www.w3.org/2001/XMLSchema' xmlns:typens='http://www.esri.com/schemas/ArcGIS/3.5.0'&gt;&lt;WorkspaceFactory&gt;FileGDB&lt;/WorkspaceFactory&gt;&lt;Dataset&gt;GVan_Dissemination_Area&lt;/Dataset&gt;&lt;DatasetType&gt;esriDTFeatureClass&lt;/DatasetType&gt;&lt;/CIMStandardDataConnection&gt;" &lt;operationSequence&gt;&lt;workflow&gt;&lt;AlterField&gt;&lt;field_name&gt;StopDistance&lt;/field_name&gt;&lt;new_field_name&gt;StopDis&lt;/new_field_name&gt;&lt;field_is_nullable&gt;True&lt;/field_is_nullable&gt;&lt;clear_field_alias&gt;False&lt;/clear_field_alias&gt;&lt;/AlterField&gt;&lt;/workflow&gt;&lt;workflow&gt;&lt;AlterField&gt;&lt;field_name&gt;CBDDistance&lt;/field_name&gt;&lt;new_field_name&gt;CBDDis&lt;/new_field_name&gt;&lt;field_is_nullable&gt;True&lt;/field_is_nullable&gt;&lt;clear_field_alias&gt;False&lt;/clear_field_alias&gt;&lt;/AlterField&gt;&lt;/workflow&gt;&lt;/operationSequence&gt;</Process><Process ToolSource="c:\program files\arcgis\pro\Resources\ArcToolbox\toolboxes\Conversion Tools.tbx\ExportFeatures" Date="20251115" Time="213655">ExportFeatures GVan_Dissemination_Area "C:\Users\zj1026.stu\OneDrive - UBC\FCOR599\Term1Presentation\Term1presentation\Term1presentation.gdb\GVan_Dissemination_Area_" # NOT_USE_ALIAS "DAUID "DAUID" true true false 8 Text 0 0,First,#,GVan_Dissemination_Area,DAUID,0,7;DGUID "DGUID" true true false 21 Text 0 0,First,#,GVan_Dissemination_Area,DGUID,0,20;LANDAREA "LANDAREA" true true false 8 Double 0 0,First,#,GVan_Dissemination_Area,LANDAREA,-1,-1;PRUID "PRUID" true true false 2 Text 0 0,First,#,GVan_Dissemination_Area,PRUID,0,1;StopDis "StopDis" true true false 8 Double 0 0,First,#,GVan_Dissemination_Area,StopDis,-1,-1;CBDDis "CBDDis" true true false 8 Double 0 0,First,#,GVan_Dissemination_Area,CBDDis,-1,-1;Shape_Length "Shape_Length" false true true 8 Double 0 0,First,#,GVan_Dissemination_Area,Shape_Length,-1,-1;Shape_Area "Shape_Area" false true true 8 Double 0 0,First,#,GVan_Dissemination_Area,Shape_Area,-1,-1" #</Process><Process ToolSource="c:\program files\arcgis\pro\Resources\ArcToolbox\toolboxes\Data Management Tools.tbx\Rename" Date="20251115" Time="213736">Rename "C:\Users\zj1026.stu\OneDrive - UBC\FCOR599\Term1Presentation\Term1presentation\Term1presentation.gdb\GVan_Dissemination_Area_" "C:\Users\zj1026.stu\OneDrive - UBC\FCOR599\Term1Presentation\Term1presentation\Term1presentation.gdb\GVan_Dissemination_Area" FeatureClass</Process><Process ToolSource="c:\program files\arcgis\pro\Resources\ArcToolbox\toolboxes\Data Management Tools.tbx\JoinField" Date="20251117" Time="180147">JoinField GVan_Dissemination_Area DAUID GVan_Suitability_with_Housing DAUID popdensity;avg_monthl;avg_mont_1 NOT_USE_FM # NO_INDEXES</Process><Process ToolSource="c:\program files\arcgis\pro\Resources\ArcToolbox\toolboxes\Data Management Tools.tbx\UpdateSchema" Date="20251117" Time="182007">UpdateSchema "CIMDATA=&lt;CIMStandardDataConnection xsi:type='typens:CIMStandardDataConnection' xmlns:xsi='http://www.w3.org/2001/XMLSchema-instance' xmlns:xs='http://www.w3.org/2001/XMLSchema' xmlns:typens='http://www.esri.com/schemas/ArcGIS/3.5.0'&gt;&lt;WorkspaceFactory&gt;FileGDB&lt;/WorkspaceFactory&gt;&lt;Dataset&gt;GVan_Dissemination_Area&lt;/Dataset&gt;&lt;DatasetType&gt;esriDTFeatureClass&lt;/DatasetType&gt;&lt;/CIMStandardDataConnection&gt;" &lt;operationSequence&gt;&lt;workflow&gt;&lt;AlterField&gt;&lt;field_name&gt;avg_monthl&lt;/field_name&gt;&lt;new_field_name&gt;H_maintain&lt;/new_field_name&gt;&lt;field_is_nullable&gt;True&lt;/field_is_nullable&gt;&lt;clear_field_alias&gt;False&lt;/clear_field_alias&gt;&lt;/AlterField&gt;&lt;/workflow&gt;&lt;workflow&gt;&lt;AlterField&gt;&lt;field_name&gt;avg_mont_1&lt;/field_name&gt;&lt;new_field_name&gt;H_rent&lt;/new_field_name&gt;&lt;field_is_nullable&gt;True&lt;/field_is_nullable&gt;&lt;clear_field_alias&gt;False&lt;/clear_field_alias&gt;&lt;/AlterField&gt;&lt;/workflow&gt;&lt;/operationSequence&gt;</Process><Process ToolSource="c:\program files\arcgis\pro\Resources\ArcToolbox\toolboxes\Conversion Tools.tbx\ExportFeatures" Date="20251117" Time="182101">ExportFeatures GVan_Dissemination_Area "C:\Users\zj1026.stu\OneDrive - UBC\FCOR599\Term1Presentation\Term1presentation\Term1presentation.gdb\GVan_Dissemination_Area_" # NOT_USE_ALIAS "DAUID "DAUID" true true false 8 Text 0 0,First,#,GVan_Dissemination_Area,DAUID,0,7;DGUID "DGUID" true true false 21 Text 0 0,First,#,GVan_Dissemination_Area,DGUID,0,20;LANDAREA "LANDAREA" true true false 8 Double 0 0,First,#,GVan_Dissemination_Area,LANDAREA,-1,-1;PRUID "PRUID" true true false 2 Text 0 0,First,#,GVan_Dissemination_Area,PRUID,0,1;StopDis "StopDis" true true false 8 Double 0 0,First,#,GVan_Dissemination_Area,StopDis,-1,-1;CBDDis "CBDDis" true true false 8 Double 0 0,First,#,GVan_Dissemination_Area,CBDDis,-1,-1;Shape_Length "Shape_Length" false true true 8 Double 0 0,First,#,GVan_Dissemination_Area,Shape_Length,-1,-1;Shape_Area "Shape_Area" false true true 8 Double 0 0,First,#,GVan_Dissemination_Area,Shape_Area,-1,-1;popdensity "popdensity" true true false 8 Double 0 0,First,#,GVan_Dissemination_Area,popdensity,-1,-1;H_maintain "H_maintain" true true false 8 Double 0 0,First,#,GVan_Dissemination_Area,H_maintain,-1,-1;H_rent "H_rent" true true false 8 Double 0 0,First,#,GVan_Dissemination_Area,H_rent,-1,-1" #</Process><Process ToolSource="c:\program files\arcgis\pro\Resources\ArcToolbox\toolboxes\Data Management Tools.tbx\JoinField" Date="20251119" Time="003925">JoinField GVan_Dissemination_Area_ DAUID DA_greendensity.csv DAUID green_density NOT_USE_FM # NO_INDEXES</Process><Process ToolSource="c:\program files\arcgis\pro\Resources\ArcToolbox\toolboxes\Data Management Tools.tbx\UpdateSchema" Date="20251119" Time="004247">UpdateSchema "CIMDATA=&lt;CIMStandardDataConnection xsi:type='typens:CIMStandardDataConnection' xmlns:xsi='http://www.w3.org/2001/XMLSchema-instance' xmlns:xs='http://www.w3.org/2001/XMLSchema' xmlns:typens='http://www.esri.com/schemas/ArcGIS/3.5.0'&gt;&lt;WorkspaceFactory&gt;FileGDB&lt;/WorkspaceFactory&gt;&lt;Dataset&gt;GVan_Dissemination_Area_&lt;/Dataset&gt;&lt;DatasetType&gt;esriDTFeatureClass&lt;/DatasetType&gt;&lt;/CIMStandardDataConnection&gt;" &lt;operationSequence&gt;&lt;workflow&gt;&lt;DeleteField&gt;&lt;field_name&gt;green_density&lt;/field_name&gt;&lt;/DeleteField&gt;&lt;/workflow&gt;&lt;/operationSequence&gt;</Process><Process ToolSource="c:\program files\arcgis\pro\Resources\ArcToolbox\toolboxes\Data Management Tools.tbx\JoinField" Date="20251119" Time="005108">JoinField GVan_Dissemination_Area_ DAUID DA_greendensity DAUID green_density NOT_USE_FM # NO_INDEXES</Process><Process ToolSource="c:\program files\arcgis\pro\Resources\ArcToolbox\toolboxes\Data Management Tools.tbx\UpdateSchema" Date="20251119" Time="005336">UpdateSchema "CIMDATA=&lt;CIMStandardDataConnection xsi:type='typens:CIMStandardDataConnection' xmlns:xsi='http://www.w3.org/2001/XMLSchema-instance' xmlns:xs='http://www.w3.org/2001/XMLSchema' xmlns:typens='http://www.esri.com/schemas/ArcGIS/3.5.0'&gt;&lt;WorkspaceFactory&gt;FileGDB&lt;/WorkspaceFactory&gt;&lt;Dataset&gt;GVan_Dissemination_Area_&lt;/Dataset&gt;&lt;DatasetType&gt;esriDTFeatureClass&lt;/DatasetType&gt;&lt;/CIMStandardDataConnection&gt;" &lt;operationSequence&gt;&lt;workflow&gt;&lt;DeleteField&gt;&lt;field_name&gt;green_density&lt;/field_name&gt;&lt;/DeleteField&gt;&lt;/workflow&gt;&lt;/operationSequence&gt;</Process><Process ToolSource="c:\program files\arcgis\pro\Resources\ArcToolbox\toolboxes\Data Management Tools.tbx\JoinField" Date="20251119" Time="005409">JoinField GVan_Dissemination_Area_ DAUID DA_greendensity DAUID_match green_density NOT_USE_FM # NO_INDEXES</Process><Process ToolSource="c:\program files\arcgis\pro\Resources\ArcToolbox\toolboxes\Conversion Tools.tbx\ExportFeatures" Date="20251119" Time="005453">ExportFeatures GVan_Dissemination_Area_ "C:\Users\zj1026.stu\OneDrive - UBC\FCOR599\Term1Presentation\Term1presentation\Term1presentation.gdb\GVan_Dissemination_Area" # NOT_USE_ALIAS "DAUID "DAUID" true true false 8 Text 0 0,First,#,GVan_Dissemination_Area_,DAUID,0,7;DGUID "DGUID" true true false 21 Text 0 0,First,#,GVan_Dissemination_Area_,DGUID,0,20;LANDAREA "LANDAREA" true true false 8 Double 0 0,First,#,GVan_Dissemination_Area_,LANDAREA,-1,-1;PRUID "PRUID" true true false 2 Text 0 0,First,#,GVan_Dissemination_Area_,PRUID,0,1;StopDis "StopDis" true true false 8 Double 0 0,First,#,GVan_Dissemination_Area_,StopDis,-1,-1;CBDDis "CBDDis" true true false 8 Double 0 0,First,#,GVan_Dissemination_Area_,CBDDis,-1,-1;popdensity "popdensity" true true false 8 Double 0 0,First,#,GVan_Dissemination_Area_,popdensity,-1,-1;H_maintain "H_maintain" true true false 8 Double 0 0,First,#,GVan_Dissemination_Area_,H_maintain,-1,-1;H_rent "H_rent" true true false 8 Double 0 0,First,#,GVan_Dissemination_Area_,H_rent,-1,-1;Shape_Length "Shape_Length" false true true 8 Double 0 0,First,#,GVan_Dissemination_Area_,Shape_Length,-1,-1;Shape_Area "Shape_Area" false true true 8 Double 0 0,First,#,GVan_Dissemination_Area_,Shape_Area,-1,-1;green_density "green_density" true true false 8 Double 0 0,First,#,GVan_Dissemination_Area_,green_density,-1,-1" #</Process><Process ToolSource="c:\program files\arcgis\pro\Resources\ArcToolbox\toolboxes\Conversion Tools.tbx\ExportFeatures" Date="20251119" Time="005608">ExportFeatures "C:\Users\zj1026.stu\OneDrive - UBC\FCOR599\Term1Presentation\Term1presentation\Term1presentation.gdb\GVan_Dissemination_Area" "C:\Users\zj1026.stu\OneDrive - UBC\FCOR599\Term1Presentation\Output_Data\GVan_DA_Final.shp" # NOT_USE_ALIAS "DAUID "DAUID" true true false 8 Text 0 0,First,#,C:\Users\zj1026.stu\OneDrive - UBC\FCOR599\Term1Presentation\Term1presentation\Term1presentation.gdb\GVan_Dissemination_Area,DAUID,0,7;DGUID "DGUID" true true false 21 Text 0 0,First,#,C:\Users\zj1026.stu\OneDrive - UBC\FCOR599\Term1Presentation\Term1presentation\Term1presentation.gdb\GVan_Dissemination_Area,DGUID,0,20;LANDAREA "LANDAREA" true true false 8 Double 0 0,First,#,C:\Users\zj1026.stu\OneDrive - UBC\FCOR599\Term1Presentation\Term1presentation\Term1presentation.gdb\GVan_Dissemination_Area,LANDAREA,-1,-1;PRUID "PRUID" true true false 2 Text 0 0,First,#,C:\Users\zj1026.stu\OneDrive - UBC\FCOR599\Term1Presentation\Term1presentation\Term1presentation.gdb\GVan_Dissemination_Area,PRUID,0,1;StopDis "StopDis" true true false 8 Double 0 0,First,#,C:\Users\zj1026.stu\OneDrive - UBC\FCOR599\Term1Presentation\Term1presentation\Term1presentation.gdb\GVan_Dissemination_Area,StopDis,-1,-1;CBDDis "CBDDis" true true false 8 Double 0 0,First,#,C:\Users\zj1026.stu\OneDrive - UBC\FCOR599\Term1Presentation\Term1presentation\Term1presentation.gdb\GVan_Dissemination_Area,CBDDis,-1,-1;popdensity "popdensity" true true false 8 Double 0 0,First,#,C:\Users\zj1026.stu\OneDrive - UBC\FCOR599\Term1Presentation\Term1presentation\Term1presentation.gdb\GVan_Dissemination_Area,popdensity,-1,-1;H_maintain "H_maintain" true true false 8 Double 0 0,First,#,C:\Users\zj1026.stu\OneDrive - UBC\FCOR599\Term1Presentation\Term1presentation\Term1presentation.gdb\GVan_Dissemination_Area,H_maintain,-1,-1;H_rent "H_rent" true true false 8 Double 0 0,First,#,C:\Users\zj1026.stu\OneDrive - UBC\FCOR599\Term1Presentation\Term1presentation\Term1presentation.gdb\GVan_Dissemination_Area,H_rent,-1,-1;green_density "green_density" true true false 8 Double 0 0,First,#,C:\Users\zj1026.stu\OneDrive - UBC\FCOR599\Term1Presentation\Term1presentation\Term1presentation.gdb\GVan_Dissemination_Area,green_density,-1,-1;Shape_Length "Shape_Length" false true true 8 Double 0 0,First,#,C:\Users\zj1026.stu\OneDrive - UBC\FCOR599\Term1Presentation\Term1presentation\Term1presentation.gdb\GVan_Dissemination_Area,Shape_Length,-1,-1;Shape_Area "Shape_Area" false true true 8 Double 0 0,First,#,C:\Users\zj1026.stu\OneDrive - UBC\FCOR599\Term1Presentation\Term1presentation\Term1presentation.gdb\GVan_Dissemination_Area,Shape_Area,-1,-1" #</Process><Process ToolSource="c:\program files\arcgis\pro\Resources\ArcToolbox\toolboxes\Data Management Tools.tbx\JoinField" Date="20251120" Time="170055">JoinField GVan_DA_Final DAUID equity alt_geo_code education;age;unemployment;medianincome;popdensity NOT_USE_FM # NO_INDEXES</Process><Process ToolSource="c:\program files\arcgis\pro\Resources\ArcToolbox\toolboxes\Data Management Tools.tbx\DeleteField" Date="20251120" Time="170508">DeleteField GVan_DA_Final popdensi_1 DELETE_FIELDS</Process><Process ToolSource="c:\program files\arcgis\pro\Resources\ArcToolbox\toolboxes\Conversion Tools.tbx\ExportFeatures" Date="20251120" Time="170651">ExportFeatures GVan_DA_Final "C:\Users\zj1026.stu\OneDrive - UBC\FCOR599\Term1Presentation\Term1presentation\Term1presentation.gdb\GVan_Dissemination_Area_" # NOT_USE_ALIAS "DAUID "DAUID" true true false 8 Text 0 0,First,#,GVan_DA_Final,DAUID,0,7;DGUID "DGUID" true true false 21 Text 0 0,First,#,GVan_DA_Final,DGUID,0,20;LANDAREA "LANDAREA" true true false 19 Double 0 0,First,#,GVan_DA_Final,LANDAREA,-1,-1;PRUID "PRUID" true true false 2 Text 0 0,First,#,GVan_DA_Final,PRUID,0,1;StopDis "StopDis" true true false 19 Double 0 0,First,#,GVan_DA_Final,StopDis,-1,-1;CBDDis "CBDDis" true true false 19 Double 0 0,First,#,GVan_DA_Final,CBDDis,-1,-1;popdensity "popdensity" true true false 19 Double 0 0,First,#,GVan_DA_Final,popdensity,-1,-1;H_maintain "H_maintain" true true false 19 Double 0 0,First,#,GVan_DA_Final,H_maintain,-1,-1;H_rent "H_rent" true true false 19 Double 0 0,First,#,GVan_DA_Final,H_rent,-1,-1;green_dens "green_dens" true true false 19 Double 0 0,First,#,GVan_DA_Final,green_dens,-1,-1;Shape_Leng "Shape_Leng" true true false 19 Double 0 0,First,#,GVan_DA_Final,Shape_Leng,-1,-1;Shape_Area "Shape_Area" true true false 19 Double 0 0,First,#,GVan_DA_Final,Shape_Area,-1,-1;education "education" true true false 254 Text 0 0,First,#,GVan_DA_Final,education,0,253;age "age" true true false 254 Text 0 0,First,#,GVan_DA_Final,age,0,253;unemployme "unemployme" true true false 254 Text 0 0,First,#,GVan_DA_Final,unemployme,0,253;medianinco "medianinco" true true false 254 Text 0 0,First,#,GVan_DA_Final,medianinco,0,253" #</Process><Process ToolSource="c:\program files\arcgis\pro\Resources\ArcToolbox\toolboxes\Data Management Tools.tbx\DeleteField" Date="20251120" Time="171616">DeleteField GVan_Dissemination_Area_ education;age;unemployme;medianinco DELETE_FIELDS</Process><Process ToolSource="c:\program files\arcgis\pro\Resources\ArcToolbox\toolboxes\Data Management Tools.tbx\JoinField" Date="20251120" Time="172053">JoinField GVan_Dissemination_Area_ DAUID equity alt_geo_code education;age;unemployment;medianincome NOT_USE_FM # NO_INDEXES</Process><Process ToolSource="c:\program files\arcgis\pro\Resources\ArcToolbox\toolboxes\Conversion Tools.tbx\ExportFeatures" Date="20251120" Time="172244">ExportFeatures GVan_Dissemination_Area_ "C:\Users\zj1026.stu\OneDrive - UBC\FCOR599\Term1Presentation\Term1presentation\Term1presentation.gdb\GVan_Dissemination_Area__" # NOT_USE_ALIAS "DAUID "DAUID" true true false 8 Text 0 0,First,#,GVan_Dissemination_Area_,DAUID,0,7;DGUID "DGUID" true true false 21 Text 0 0,First,#,GVan_Dissemination_Area_,DGUID,0,20;LANDAREA "LANDAREA" true true false 8 Double 0 0,First,#,GVan_Dissemination_Area_,LANDAREA,-1,-1;PRUID "PRUID" true true false 2 Text 0 0,First,#,GVan_Dissemination_Area_,PRUID,0,1;StopDis "StopDis" true true false 8 Double 0 0,First,#,GVan_Dissemination_Area_,StopDis,-1,-1;CBDDis "CBDDis" true true false 8 Double 0 0,First,#,GVan_Dissemination_Area_,CBDDis,-1,-1;popdensity "popdensity" true true false 8 Double 0 0,First,#,GVan_Dissemination_Area_,popdensity,-1,-1;H_maintain "H_maintain" true true false 8 Double 0 0,First,#,GVan_Dissemination_Area_,H_maintain,-1,-1;H_rent "H_rent" true true false 8 Double 0 0,First,#,GVan_Dissemination_Area_,H_rent,-1,-1;green_dens "green_dens" true true false 8 Double 0 0,First,#,GVan_Dissemination_Area_,green_dens,-1,-1;Shape_Leng "Shape_Leng" true true false 8 Double 0 0,First,#,GVan_Dissemination_Area_,Shape_Leng,-1,-1;Shape_Length "Shape_Length" false true true 8 Double 0 0,First,#,GVan_Dissemination_Area_,Shape_Length,-1,-1;Shape_Area "Shape_Area" false true true 8 Double 0 0,First,#,GVan_Dissemination_Area_,Shape_Area,-1,-1;education "education" true true false 255 Text 0 0,First,#,GVan_Dissemination_Area_,education,0,254;age "age" true true false 255 Text 0 0,First,#,GVan_Dissemination_Area_,age,0,254;unemployment "unemployment" true true false 255 Text 0 0,First,#,GVan_Dissemination_Area_,unemployment,0,254;medianincome "medianincome" true true false 255 Text 0 0,First,#,GVan_Dissemination_Area_,medianincome,0,254" #</Process><Process ToolSource="c:\program files\arcgis\pro\Resources\ArcToolbox\toolboxes\Conversion Tools.tbx\ExportFeatures" Date="20251120" Time="172312">ExportFeatures "C:\Users\zj1026.stu\OneDrive - UBC\FCOR599\Term1Presentation\Term1presentation\Term1presentation.gdb\GVan_Dissemination_Area__" "C:\Users\zj1026.stu\OneDrive - UBC\FCOR599\Term1Presentation\Output_Data\GVan_DA_Final_.shp" # NOT_USE_ALIAS "DAUID "DAUID" true true false 8 Text 0 0,First,#,C:\Users\zj1026.stu\OneDrive - UBC\FCOR599\Term1Presentation\Term1presentation\Term1presentation.gdb\GVan_Dissemination_Area__,DAUID,0,7;DGUID "DGUID" true true false 21 Text 0 0,First,#,C:\Users\zj1026.stu\OneDrive - UBC\FCOR599\Term1Presentation\Term1presentation\Term1presentation.gdb\GVan_Dissemination_Area__,DGUID,0,20;LANDAREA "LANDAREA" true true false 8 Double 0 0,First,#,C:\Users\zj1026.stu\OneDrive - UBC\FCOR599\Term1Presentation\Term1presentation\Term1presentation.gdb\GVan_Dissemination_Area__,LANDAREA,-1,-1;PRUID "PRUID" true true false 2 Text 0 0,First,#,C:\Users\zj1026.stu\OneDrive - UBC\FCOR599\Term1Presentation\Term1presentation\Term1presentation.gdb\GVan_Dissemination_Area__,PRUID,0,1;StopDis "StopDis" true true false 8 Double 0 0,First,#,C:\Users\zj1026.stu\OneDrive - UBC\FCOR599\Term1Presentation\Term1presentation\Term1presentation.gdb\GVan_Dissemination_Area__,StopDis,-1,-1;CBDDis "CBDDis" true true false 8 Double 0 0,First,#,C:\Users\zj1026.stu\OneDrive - UBC\FCOR599\Term1Presentation\Term1presentation\Term1presentation.gdb\GVan_Dissemination_Area__,CBDDis,-1,-1;popdensity "popdensity" true true false 8 Double 0 0,First,#,C:\Users\zj1026.stu\OneDrive - UBC\FCOR599\Term1Presentation\Term1presentation\Term1presentation.gdb\GVan_Dissemination_Area__,popdensity,-1,-1;H_maintain "H_maintain" true true false 8 Double 0 0,First,#,C:\Users\zj1026.stu\OneDrive - UBC\FCOR599\Term1Presentation\Term1presentation\Term1presentation.gdb\GVan_Dissemination_Area__,H_maintain,-1,-1;H_rent "H_rent" true true false 8 Double 0 0,First,#,C:\Users\zj1026.stu\OneDrive - UBC\FCOR599\Term1Presentation\Term1presentation\Term1presentation.gdb\GVan_Dissemination_Area__,H_rent,-1,-1;green_dens "green_dens" true true false 8 Double 0 0,First,#,C:\Users\zj1026.stu\OneDrive - UBC\FCOR599\Term1Presentation\Term1presentation\Term1presentation.gdb\GVan_Dissemination_Area__,green_dens,-1,-1;Shape_Leng "Shape_Leng" true true false 8 Double 0 0,First,#,C:\Users\zj1026.stu\OneDrive - UBC\FCOR599\Term1Presentation\Term1presentation\Term1presentation.gdb\GVan_Dissemination_Area__,Shape_Leng,-1,-1;education "education" true true false 255 Text 0 0,First,#,C:\Users\zj1026.stu\OneDrive - UBC\FCOR599\Term1Presentation\Term1presentation\Term1presentation.gdb\GVan_Dissemination_Area__,education,0,254;age "age" true true false 255 Text 0 0,First,#,C:\Users\zj1026.stu\OneDrive - UBC\FCOR599\Term1Presentation\Term1presentation\Term1presentation.gdb\GVan_Dissemination_Area__,age,0,254;unemployment "unemployment" true true false 255 Text 0 0,First,#,C:\Users\zj1026.stu\OneDrive - UBC\FCOR599\Term1Presentation\Term1presentation\Term1presentation.gdb\GVan_Dissemination_Area__,unemployment,0,254;medianincome "medianincome" true true false 255 Text 0 0,First,#,C:\Users\zj1026.stu\OneDrive - UBC\FCOR599\Term1Presentation\Term1presentation\Term1presentation.gdb\GVan_Dissemination_Area__,medianincome,0,254;Shape_Length "Shape_Length" false true true 8 Double 0 0,First,#,C:\Users\zj1026.stu\OneDrive - UBC\FCOR599\Term1Presentation\Term1presentation\Term1presentation.gdb\GVan_Dissemination_Area__,Shape_Length,-1,-1;Shape_Area "Shape_Area" false true true 8 Double 0 0,First,#,C:\Users\zj1026.stu\OneDrive - UBC\FCOR599\Term1Presentation\Term1presentation\Term1presentation.gdb\GVan_Dissemination_Area__,Shape_Area,-1,-1" #</Process><Process ToolSource="c:\program files\arcgis\pro\Resources\ArcToolbox\toolboxes\Data Management Tools.tbx\CalculateField" Date="20251120" Time="172615">CalculateField GVan_DA_Final_ education "0 if !education! is None else !education!" PYTHON3 # TEXT NO_ENFORCE_DOMAINS</Process><Process ToolSource="c:\program files\arcgis\pro\Resources\ArcToolbox\toolboxes\Data Management Tools.tbx\CalculateField" Date="20251120" Time="172647">CalculateField GVan_DA_Final_ education "0 if (!education! is None or !education! == "") else !education!
" PYTHON3 # TEXT NO_ENFORCE_DOMAINS</Process><Process ToolSource="c:\program files\arcgis\pro\Resources\ArcToolbox\toolboxes\Data Management Tools.tbx\CalculateField" Date="20251120" Time="172658">CalculateField GVan_DA_Final_ education "0 if (!education! is None or !education! == "") else !education!
" PYTHON3 # TEXT NO_ENFORCE_DOMAINS</Process><Process ToolSource="c:\program files\arcgis\pro\Resources\ArcToolbox\toolboxes\Data Management Tools.tbx\CalculateField" Date="20251120" Time="172750">CalculateField GVan_DA_Final_ age "0 if (!education! is None or !education! == "") else !education!
" PYTHON3 # TEXT NO_ENFORCE_DOMAINS</Process><Process ToolSource="c:\program files\arcgis\pro\Resources\ArcToolbox\toolboxes\Data Management Tools.tbx\CalculateField" Date="20251120" Time="172842">CalculateField GVan_DA_Final_ age "0 if (!education! is None or !education! == "") else !education!
" PYTHON3 # TEXT NO_ENFORCE_DOMAINS</Process><Process ToolSource="c:\program files\arcgis\pro\Resources\ArcToolbox\toolboxes\Data Management Tools.tbx\UpdateSchema" Date="20251120" Time="173835">UpdateSchema "CIMDATA=&lt;CIMStandardDataConnection xsi:type='typens:CIMStandardDataConnection' xmlns:xsi='http://www.w3.org/2001/XMLSchema-instance' xmlns:xs='http://www.w3.org/2001/XMLSchema' xmlns:typens='http://www.esri.com/schemas/ArcGIS/3.5.0'&gt;&lt;WorkspaceFactory&gt;Shapefile&lt;/WorkspaceFactory&gt;&lt;Dataset&gt;GVan_DA_Final_&lt;/Dataset&gt;&lt;DatasetType&gt;esriDTFeatureClass&lt;/DatasetType&gt;&lt;/CIMStandardDataConnection&gt;" &lt;operationSequence&gt;&lt;workflow&gt;&lt;AddField&gt;&lt;field_name&gt;H_edu&lt;/field_name&gt;&lt;field_type&gt;LONG&lt;/field_type&gt;&lt;field_is_nullable&gt;False&lt;/field_is_nullable&gt;&lt;field_is_required&gt;False&lt;/field_is_required&gt;&lt;/AddField&gt;&lt;/workflow&gt;&lt;workflow&gt;&lt;AddField&gt;&lt;field_name&gt;Age_&lt;/field_name&gt;&lt;field_type&gt;LONG&lt;/field_type&gt;&lt;field_is_nullable&gt;False&lt;/field_is_nullable&gt;&lt;field_is_required&gt;False&lt;/field_is_required&gt;&lt;/AddField&gt;&lt;/workflow&gt;&lt;workflow&gt;&lt;AddField&gt;&lt;field_name&gt;Unemploy_R&lt;/field_name&gt;&lt;field_type&gt;LONG&lt;/field_type&gt;&lt;field_is_nullable&gt;False&lt;/field_is_nullable&gt;&lt;field_is_required&gt;False&lt;/field_is_required&gt;&lt;/AddField&gt;&lt;/workflow&gt;&lt;workflow&gt;&lt;AddField&gt;&lt;field_name&gt;MedianInc&lt;/field_name&gt;&lt;field_type&gt;LONG&lt;/field_type&gt;&lt;field_is_nullable&gt;False&lt;/field_is_nullable&gt;&lt;field_is_required&gt;False&lt;/field_is_required&gt;&lt;/AddField&gt;&lt;/workflow&gt;&lt;/operationSequence&gt;</Process><Process ToolSource="c:\program files\arcgis\pro\Resources\ArcToolbox\toolboxes\Data Management Tools.tbx\CalculateField" Date="20251120" Time="173901">CalculateField GVan_DA_Final_ H_edu !education! PYTHON3 # TEXT NO_ENFORCE_DOMAINS</Process><Process ToolSource="c:\program files\arcgis\pro\Resources\ArcToolbox\toolboxes\Data Management Tools.tbx\CalculateField" Date="20251120" Time="173934">CalculateField GVan_DA_Final_ Age_ !age! PYTHON3 # TEXT NO_ENFORCE_DOMAINS</Process><Process ToolSource="c:\program files\arcgis\pro\Resources\ArcToolbox\toolboxes\Data Management Tools.tbx\CalculateField" Date="20251120" Time="173950">CalculateField GVan_DA_Final_ Unemploy_R !unemployme! PYTHON3 # TEXT NO_ENFORCE_DOMAINS</Process><Process ToolSource="c:\program files\arcgis\pro\Resources\ArcToolbox\toolboxes\Data Management Tools.tbx\CalculateField" Date="20251120" Time="174010">CalculateField GVan_DA_Final_ MedianInc !medianinco! PYTHON3 # TEXT NO_ENFORCE_DOMAINS</Process><Process ToolSource="c:\program files\arcgis\pro\Resources\ArcToolbox\toolboxes\Data Management Tools.tbx\DeleteField" Date="20251120" Time="174019">DeleteField GVan_DA_Final_ education DELETE_FIELDS</Process><Process ToolSource="c:\program files\arcgis\pro\Resources\ArcToolbox\toolboxes\Data Management Tools.tbx\DeleteField" Date="20251120" Time="174023">DeleteField GVan_DA_Final_ age DELETE_FIELDS</Process><Process ToolSource="c:\program files\arcgis\pro\Resources\ArcToolbox\toolboxes\Data Management Tools.tbx\DeleteField" Date="20251120" Time="174026">DeleteField GVan_DA_Final_ unemployme DELETE_FIELDS</Process><Process ToolSource="c:\program files\arcgis\pro\Resources\ArcToolbox\toolboxes\Data Management Tools.tbx\DeleteField" Date="20251120" Time="174031">DeleteField GVan_DA_Final_ medianinco DELETE_FIELDS</Process><Process ToolSource="c:\program files\arcgis\pro\Resources\ArcToolbox\toolboxes\Data Management Tools.tbx\DeleteField" Date="20251120" Time="174048">DeleteField GVan_DA_Final_ Shape_Le_1 DELETE_FIELDS</Process><Process ToolSource="c:\program files\arcgis\pro\Resources\ArcToolbox\toolboxes\Conversion Tools.tbx\ExportFeatures" Date="20251120" Time="174121">ExportFeatures GVan_DA_Final_ "C:\Users\zj1026.stu\OneDrive - UBC\FCOR599\Term1Presentation\Term1presentation\Term1presentation.gdb\GVan_DA_Final__" # NOT_USE_ALIAS "DAUID "DAUID" true true false 8 Text 0 0,First,#,GVan_DA_Final_,DAUID,0,7;DGUID "DGUID" true true false 21 Text 0 0,First,#,GVan_DA_Final_,DGUID,0,20;LANDAREA "LANDAREA" true true false 19 Double 0 0,First,#,GVan_DA_Final_,LANDAREA,-1,-1;PRUID "PRUID" true true false 2 Text 0 0,First,#,GVan_DA_Final_,PRUID,0,1;StopDis "StopDis" true true false 19 Double 0 0,First,#,GVan_DA_Final_,StopDis,-1,-1;CBDDis "CBDDis" true true false 19 Double 0 0,First,#,GVan_DA_Final_,CBDDis,-1,-1;popdensity "popdensity" true true false 19 Double 0 0,First,#,GVan_DA_Final_,popdensity,-1,-1;H_maintain "H_maintain" true true false 19 Double 0 0,First,#,GVan_DA_Final_,H_maintain,-1,-1;H_rent "H_rent" true true false 19 Double 0 0,First,#,GVan_DA_Final_,H_rent,-1,-1;green_dens "green_dens" true true false 19 Double 0 0,First,#,GVan_DA_Final_,green_dens,-1,-1;Shape_Leng "Shape_Leng" true true false 19 Double 0 0,First,#,GVan_DA_Final_,Shape_Leng,-1,-1;Shape_Area "Shape_Area" true true false 19 Double 0 0,First,#,GVan_DA_Final_,Shape_Area,-1,-1;H_edu "H_edu" true true false 10 Long 0 10,First,#,GVan_DA_Final_,H_edu,-1,-1;Age_ "Age_" true true false 10 Long 0 10,First,#,GVan_DA_Final_,Age_,-1,-1;Unemploy_R "Unemploy_R" true true false 10 Long 0 10,First,#,GVan_DA_Final_,Unemploy_R,-1,-1;MedianInc "MedianInc" true true false 10 Long 0 10,First,#,GVan_DA_Final_,MedianInc,-1,-1" #</Process><Process ToolSource="c:\program files\arcgis\pro\Resources\ArcToolbox\toolboxes\Conversion Tools.tbx\ExportFeatures" Date="20251120" Time="174149">ExportFeatures "C:\Users\zj1026.stu\OneDrive - UBC\FCOR599\Term1Presentation\Term1presentation\Term1presentation.gdb\GVan_DA_Final__" "C:\Users\zj1026.stu\OneDrive - UBC\FCOR599\Term1Presentation\Output_Data\GVan_DA_Final_.shp" # NOT_USE_ALIAS "DAUID "DAUID" true true false 8 Text 0 0,First,#,C:\Users\zj1026.stu\OneDrive - UBC\FCOR599\Term1Presentation\Term1presentation\Term1presentation.gdb\GVan_DA_Final__,DAUID,0,7;DGUID "DGUID" true true false 21 Text 0 0,First,#,C:\Users\zj1026.stu\OneDrive - UBC\FCOR599\Term1Presentation\Term1presentation\Term1presentation.gdb\GVan_DA_Final__,DGUID,0,20;LANDAREA "LANDAREA" true true false 8 Double 0 0,First,#,C:\Users\zj1026.stu\OneDrive - UBC\FCOR599\Term1Presentation\Term1presentation\Term1presentation.gdb\GVan_DA_Final__,LANDAREA,-1,-1;PRUID "PRUID" true true false 2 Text 0 0,First,#,C:\Users\zj1026.stu\OneDrive - UBC\FCOR599\Term1Presentation\Term1presentation\Term1presentation.gdb\GVan_DA_Final__,PRUID,0,1;StopDis "StopDis" true true false 8 Double 0 0,First,#,C:\Users\zj1026.stu\OneDrive - UBC\FCOR599\Term1Presentation\Term1presentation\Term1presentation.gdb\GVan_DA_Final__,StopDis,-1,-1;CBDDis "CBDDis" true true false 8 Double 0 0,First,#,C:\Users\zj1026.stu\OneDrive - UBC\FCOR599\Term1Presentation\Term1presentation\Term1presentation.gdb\GVan_DA_Final__,CBDDis,-1,-1;popdensity "popdensity" true true false 8 Double 0 0,First,#,C:\Users\zj1026.stu\OneDrive - UBC\FCOR599\Term1Presentation\Term1presentation\Term1presentation.gdb\GVan_DA_Final__,popdensity,-1,-1;H_maintain "H_maintain" true true false 8 Double 0 0,First,#,C:\Users\zj1026.stu\OneDrive - UBC\FCOR599\Term1Presentation\Term1presentation\Term1presentation.gdb\GVan_DA_Final__,H_maintain,-1,-1;H_rent "H_rent" true true false 8 Double 0 0,First,#,C:\Users\zj1026.stu\OneDrive - UBC\FCOR599\Term1Presentation\Term1presentation\Term1presentation.gdb\GVan_DA_Final__,H_rent,-1,-1;green_dens "green_dens" true true false 8 Double 0 0,First,#,C:\Users\zj1026.stu\OneDrive - UBC\FCOR599\Term1Presentation\Term1presentation\Term1presentation.gdb\GVan_DA_Final__,green_dens,-1,-1;Shape_Leng "Shape_Leng" true true false 8 Double 0 0,First,#,C:\Users\zj1026.stu\OneDrive - UBC\FCOR599\Term1Presentation\Term1presentation\Term1presentation.gdb\GVan_DA_Final__,Shape_Leng,-1,-1;H_edu "H_edu" true true false 4 Long 0 0,First,#,C:\Users\zj1026.stu\OneDrive - UBC\FCOR599\Term1Presentation\Term1presentation\Term1presentation.gdb\GVan_DA_Final__,H_edu,-1,-1;Age_ "Age_" true true false 4 Long 0 0,First,#,C:\Users\zj1026.stu\OneDrive - UBC\FCOR599\Term1Presentation\Term1presentation\Term1presentation.gdb\GVan_DA_Final__,Age_,-1,-1;Unemploy_R "Unemploy_R" true true false 4 Long 0 0,First,#,C:\Users\zj1026.stu\OneDrive - UBC\FCOR599\Term1Presentation\Term1presentation\Term1presentation.gdb\GVan_DA_Final__,Unemploy_R,-1,-1;MedianInc "MedianInc" true true false 4 Long 0 0,First,#,C:\Users\zj1026.stu\OneDrive - UBC\FCOR599\Term1Presentation\Term1presentation\Term1presentation.gdb\GVan_DA_Final__,MedianInc,-1,-1;Shape_Length "Shape_Length" false true true 8 Double 0 0,First,#,C:\Users\zj1026.stu\OneDrive - UBC\FCOR599\Term1Presentation\Term1presentation\Term1presentation.gdb\GVan_DA_Final__,Shape_Length,-1,-1;Shape_Area "Shape_Area" false true true 8 Double 0 0,First,#,C:\Users\zj1026.stu\OneDrive - UBC\FCOR599\Term1Presentation\Term1presentation\Term1presentation.gdb\GVan_DA_Final__,Shape_Area,-1,-1" #</Process><Process ToolSource="c:\program files\arcgis\pro\Resources\ArcToolbox\toolboxes\Data Management Tools.tbx\DeleteField" Date="20251120" Time="174221">DeleteField GVan_DA_Final_ Shape_Le_1 DELETE_FIELDS</Process><Process ToolSource="c:\program files\arcgis\pro\Resources\ArcToolbox\toolboxes\Conversion Tools.tbx\ExportFeatures" Date="20251120" Time="174304">ExportFeatures GVan_DA_Final_ "C:\Users\zj1026.stu\OneDrive - UBC\FCOR599\Term1Presentation\Term1presentation\Term1presentation.gdb\GVan_Dissemination_Area_" # NOT_USE_ALIAS "DAUID "DAUID" true true false 8 Text 0 0,First,#,GVan_DA_Final_,DAUID,0,7;DGUID "DGUID" true true false 21 Text 0 0,First,#,GVan_DA_Final_,DGUID,0,20;LANDAREA "LANDAREA" true true false 19 Double 0 0,First,#,GVan_DA_Final_,LANDAREA,-1,-1;PRUID "PRUID" true true false 2 Text 0 0,First,#,GVan_DA_Final_,PRUID,0,1;StopDis "StopDis" true true false 19 Double 0 0,First,#,GVan_DA_Final_,StopDis,-1,-1;CBDDis "CBDDis" true true false 19 Double 0 0,First,#,GVan_DA_Final_,CBDDis,-1,-1;popdensity "popdensity" true true false 19 Double 0 0,First,#,GVan_DA_Final_,popdensity,-1,-1;H_maintain "H_maintain" true true false 19 Double 0 0,First,#,GVan_DA_Final_,H_maintain,-1,-1;H_rent "H_rent" true true false 19 Double 0 0,First,#,GVan_DA_Final_,H_rent,-1,-1;green_dens "green_dens" true true false 19 Double 0 0,First,#,GVan_DA_Final_,green_dens,-1,-1;H_edu "H_edu" true true false 10 Long 0 10,First,#,GVan_DA_Final_,H_edu,-1,-1;Age_ "Age_" true true false 10 Long 0 10,First,#,GVan_DA_Final_,Age_,-1,-1;Unemploy_R "Unemploy_R" true true false 10 Long 0 10,First,#,GVan_DA_Final_,Unemploy_R,-1,-1;MedianInc "MedianInc" true true false 10 Long 0 10,First,#,GVan_DA_Final_,MedianInc,-1,-1;Shape_Leng "Shape_Leng" true true false 19 Double 0 0,First,#,GVan_DA_Final_,Shape_Leng,-1,-1;Shape_Area "Shape_Area" true true false 19 Double 0 0,First,#,GVan_DA_Final_,Shape_Area,-1,-1" #</Process><Process ToolSource="c:\program files\arcgis\pro\Resources\ArcToolbox\toolboxes\Data Management Tools.tbx\JoinField" Date="20251120" Time="182012">JoinField GVan_Dissemination_Area_ DAUID DA_density_waterbodies DAUID DIST_Coastline NOT_USE_FM # NO_INDEXES</Process><Process ToolSource="c:\program files\arcgis\pro\Resources\ArcToolbox\toolboxes\Data Management Tools.tbx\DeleteField" Date="20251120" Time="182027">DeleteField GVan_Dissemination_Area_ DIST_Coastline DELETE_FIELDS</Process><Process ToolSource="c:\program files\arcgis\pro\Resources\ArcToolbox\toolboxes\Data Management Tools.tbx\JoinField" Date="20251120" Time="182301">JoinField GVan_Dissemination_Area_ DAUID DA_density_waterbodies DAUID_M DIST_Coastline NOT_USE_FM # NO_INDEXES</Process><Process ToolSource="c:\program files\arcgis\pro\Resources\ArcToolbox\toolboxes\Data Management Tools.tbx\DeleteField" Date="20251120" Time="182314">DeleteField GVan_Dissemination_Area_ Shape_Leng DELETE_FIELDS</Process><Process ToolSource="c:\program files\arcgis\pro\Resources\ArcToolbox\toolboxes\Data Management Tools.tbx\JoinField" Date="20251120" Time="182430">JoinField GVan_Dissemination_Area_ DAUID DA_density_school_hospital_clinic DAUID_M DIST_school;DIST_hospital_clinic NOT_USE_FM # NO_INDEXES</Process><Process ToolSource="c:\program files\arcgis\pro\Resources\ArcToolbox\toolboxes\Data Management Tools.tbx\DeleteField" Date="20251120" Time="182452">DeleteField GVan_Dissemination_Area_ DIST_school DELETE_FIELDS</Process><Process ToolSource="c:\program files\arcgis\pro\Resources\ArcToolbox\toolboxes\Data Management Tools.tbx\DeleteField" Date="20251120" Time="182459">DeleteField GVan_Dissemination_Area_ DIST_hospital_clinic DELETE_FIELDS</Process><Process ToolSource="c:\program files\arcgis\pro\Resources\ArcToolbox\toolboxes\Data Management Tools.tbx\JoinField" Date="20251120" Time="182514">JoinField GVan_Dissemination_Area_ DAUID DA_density_school_hospital_clinic DAUID_M DIST_school;DIST_hospital_clinic NOT_USE_FM # NO_INDEXES</Process><Process ToolSource="c:\program files\arcgis\pro\Resources\ArcToolbox\toolboxes\Data Management Tools.tbx\DeleteField" Date="20251120" Time="182709">DeleteField GVan_Dissemination_Area_ DIST_school DELETE_FIELDS</Process><Process ToolSource="c:\program files\arcgis\pro\Resources\ArcToolbox\toolboxes\Data Management Tools.tbx\DeleteField" Date="20251120" Time="182714">DeleteField GVan_Dissemination_Area_ DIST_hospital_clinic DELETE_FIELDS</Process><Process ToolSource="c:\program files\arcgis\pro\Resources\ArcToolbox\toolboxes\Data Management Tools.tbx\JoinField" Date="20251120" Time="182728">JoinField GVan_Dissemination_Area_ DAUID DA_density_school_hospital_clinic DAUID_M DIST_school;DIST_hospital_clinic NOT_USE_FM # NO_INDEXES</Process><Process ToolSource="c:\program files\arcgis\pro\Resources\ArcToolbox\toolboxes\Data Management Tools.tbx\JoinField" Date="20251120" Time="183012">JoinField GVan_Dissemination_Area_ DAUID DA_density_school_hospital_clinic DAUID_M dis_scho;dis_medi NOT_USE_FM # NO_INDEXES</Process><Process ToolSource="c:\program files\arcgis\pro\Resources\ArcToolbox\toolboxes\Data Management Tools.tbx\DeleteField" Date="20251120" Time="183021">DeleteField GVan_Dissemination_Area_ DIST_school;DIST_hospital_clinic;dis_scho;dis_medi DELETE_FIELDS</Process><Process ToolSource="c:\program files\arcgis\pro\Resources\ArcToolbox\toolboxes\Data Management Tools.tbx\JoinField" Date="20251120" Time="183110">JoinField GVan_Dissemination_Area_ DAUID DA_density_school_hospital_clinic DAUID_M dis_scho;dis_medi NOT_USE_FM # NO_INDEXES</Process><Process ToolSource="c:\program files\arcgis\pro\Resources\ArcToolbox\toolboxes\Data Management Tools.tbx\JoinField" Date="20251120" Time="183857">JoinField GVan_Dissemination_Area_ DAUID DA_density_school_hospital_clinic DAUID_M dis_scho;dis_medi NOT_USE_FM # NO_INDEXES</Process><Process ToolSource="c:\program files\arcgis\pro\Resources\ArcToolbox\toolboxes\Data Management Tools.tbx\DeleteField" Date="20251120" Time="183904">DeleteField GVan_Dissemination_Area_ dis_scho DELETE_FIELDS</Process><Process ToolSource="c:\program files\arcgis\pro\Resources\ArcToolbox\toolboxes\Data Management Tools.tbx\DeleteField" Date="20251120" Time="183909">DeleteField GVan_Dissemination_Area_ dis_medi DELETE_FIELDS</Process><Process ToolSource="c:\program files\arcgis\pro\Resources\ArcToolbox\toolboxes\Data Management Tools.tbx\DeleteField" Date="20251120" Time="183916">DeleteField GVan_Dissemination_Area_ dis_scho_1 DELETE_FIELDS</Process><Process ToolSource="c:\program files\arcgis\pro\Resources\ArcToolbox\toolboxes\Data Management Tools.tbx\DeleteField" Date="20251120" Time="183923">DeleteField GVan_Dissemination_Area_ dis_medi_1 DELETE_FIELDS</Process><Process ToolSource="c:\program files\arcgis\pro\Resources\ArcToolbox\toolboxes\Data Management Tools.tbx\JoinField" Date="20251120" Time="184520">JoinField GVan_Dissemination_Area_ DAUID DA_density_school_hospital_clinic DAUID_ dis_scho;dis_medi NOT_USE_FM # NO_INDEXES</Process><Process ToolSource="c:\program files\arcgis\pro\Resources\ArcToolbox\toolboxes\Data Management Tools.tbx\DeleteField" Date="20251120" Time="184527">DeleteField GVan_Dissemination_Area_ dis_scho DELETE_FIELDS</Process><Process ToolSource="c:\program files\arcgis\pro\Resources\ArcToolbox\toolboxes\Data Management Tools.tbx\DeleteField" Date="20251120" Time="184534">DeleteField GVan_Dissemination_Area_ dis_medi DELETE_FIELDS</Process><Process ToolSource="c:\program files\arcgis\pro\Resources\ArcToolbox\toolboxes\Data Management Tools.tbx\JoinField" Date="20251120" Time="184631">JoinField GVan_Dissemination_Area_ DAUID DA_density_school_hospital_clinic DAUID_M dis_scho;dis_medi NOT_USE_FM # NO_INDEXES</Process><Process ToolSource="c:\program files\arcgis\pro\Resources\ArcToolbox\toolboxes\Conversion Tools.tbx\ExportFeatures" Date="20251120" Time="184743">ExportFeatures GVan_Dissemination_Area_ "C:\Users\zj1026.stu\OneDrive - UBC\FCOR599\Term1Presentation\Term1presentation\Term1presentation.gdb\GVan_Dissemination_Area" # NOT_USE_ALIAS "DAUID "DAUID" true true false 8 Text 0 0,First,#,GVan_Dissemination_Area_,DAUID,0,7;DGUID "DGUID" true true false 21 Text 0 0,First,#,GVan_Dissemination_Area_,DGUID,0,20;LANDAREA "LANDAREA" true true false 8 Double 0 0,First,#,GVan_Dissemination_Area_,LANDAREA,-1,-1;PRUID "PRUID" true true false 2 Text 0 0,First,#,GVan_Dissemination_Area_,PRUID,0,1;StopDis "StopDis" true true false 8 Double 0 0,First,#,GVan_Dissemination_Area_,StopDis,-1,-1;CBDDis "CBDDis" true true false 8 Double 0 0,First,#,GVan_Dissemination_Area_,CBDDis,-1,-1;popdensity "popdensity" true true false 8 Double 0 0,First,#,GVan_Dissemination_Area_,popdensity,-1,-1;H_maintain "H_maintain" true true false 8 Double 0 0,First,#,GVan_Dissemination_Area_,H_maintain,-1,-1;H_rent "H_rent" true true false 8 Double 0 0,First,#,GVan_Dissemination_Area_,H_rent,-1,-1;green_dens "green_dens" true true false 8 Double 0 0,First,#,GVan_Dissemination_Area_,green_dens,-1,-1;H_edu "H_edu" true true false 4 Long 0 0,First,#,GVan_Dissemination_Area_,H_edu,-1,-1;Age_ "Age_" true true false 4 Long 0 0,First,#,GVan_Dissemination_Area_,Age_,-1,-1;Unemploy_R "Unemploy_R" true true false 4 Long 0 0,First,#,GVan_Dissemination_Area_,Unemploy_R,-1,-1;MedianInc "MedianInc" true true false 4 Long 0 0,First,#,GVan_Dissemination_Area_,MedianInc,-1,-1;DIST_Coastline "DIST_Coastline" true true false 8 Double 0 0,First,#,GVan_Dissemination_Area_,DIST_Coastline,-1,-1;dis_scho "dis_scho" true true false 8 Double 0 0,First,#,GVan_Dissemination_Area_,dis_scho,-1,-1;dis_medi "dis_medi" true true false 8 Double 0 0,First,#,GVan_Dissemination_Area_,dis_medi,-1,-1;Shape_Length "Shape_Length" false true true 8 Double 0 0,First,#,GVan_Dissemination_Area_,Shape_Length,-1,-1;Shape_Area "Shape_Area" false true true 8 Double 0 0,First,#,GVan_Dissemination_Area_,Shape_Area,-1,-1" #</Process><Process ToolSource="c:\program files\arcgis\pro\Resources\ArcToolbox\toolboxes\Data Management Tools.tbx\JoinField" Date="20251122" Time="144121">JoinField GVan_Dissemination_Area DAUID GVan_AirQuality_Hosuing_Temp DAUID_1 LST_mean;AirQuality_PM2_5_MeanConcent;Average_monthly_shelter_costs_for_owned_dwellings;Average_monthly_shelter_costs_for_rented_dwellings NOT_USE_FM # NO_INDEXES</Process><Process ToolSource="c:\program files\arcgis\pro\Resources\ArcToolbox\toolboxes\Data Management Tools.tbx\UpdateSchema" Date="20251122" Time="144428">UpdateSchema "CIMDATA=&lt;CIMStandardDataConnection xsi:type='typens:CIMStandardDataConnection' xmlns:xsi='http://www.w3.org/2001/XMLSchema-instance' xmlns:xs='http://www.w3.org/2001/XMLSchema' xmlns:typens='http://www.esri.com/schemas/ArcGIS/3.5.0'&gt;&lt;WorkspaceFactory&gt;FileGDB&lt;/WorkspaceFactory&gt;&lt;Dataset&gt;GVan_Dissemination_Area&lt;/Dataset&gt;&lt;DatasetType&gt;esriDTFeatureClass&lt;/DatasetType&gt;&lt;/CIMStandardDataConnection&gt;" &lt;operationSequence&gt;&lt;workflow&gt;&lt;AlterField&gt;&lt;field_name&gt;H_maintain&lt;/field_name&gt;&lt;new_field_name&gt;H_maintain_1&lt;/new_field_name&gt;&lt;field_is_nullable&gt;True&lt;/field_is_nullable&gt;&lt;clear_field_alias&gt;False&lt;/clear_field_alias&gt;&lt;/AlterField&gt;&lt;/workflow&gt;&lt;workflow&gt;&lt;AlterField&gt;&lt;field_name&gt;H_rent&lt;/field_name&gt;&lt;new_field_name&gt;H_rent_1&lt;/new_field_name&gt;&lt;field_is_nullable&gt;True&lt;/field_is_nullable&gt;&lt;clear_field_alias&gt;False&lt;/clear_field_alias&gt;&lt;/AlterField&gt;&lt;/workflow&gt;&lt;workflow&gt;&lt;AlterField&gt;&lt;field_name&gt;H_maintain&lt;/field_name&gt;&lt;new_field_name&gt;H_maintain&lt;/new_field_name&gt;&lt;field_is_nullable&gt;True&lt;/field_is_nullable&gt;&lt;clear_field_alias&gt;False&lt;/clear_field_alias&gt;&lt;/AlterField&gt;&lt;/workflow&gt;&lt;workflow&gt;&lt;AlterField&gt;&lt;field_name&gt;H_rent&lt;/field_name&gt;&lt;new_field_name&gt;H_rent&lt;/new_field_name&gt;&lt;field_is_nullable&gt;True&lt;/field_is_nullable&gt;&lt;clear_field_alias&gt;False&lt;/clear_field_alias&gt;&lt;/AlterField&gt;&lt;/workflow&gt;&lt;/operationSequence&gt;</Process><Process ToolSource="c:\program files\arcgis\pro\Resources\ArcToolbox\toolboxes\Data Management Tools.tbx\UpdateSchema" Date="20251122" Time="144440">UpdateSchema "CIMDATA=&lt;CIMStandardDataConnection xsi:type='typens:CIMStandardDataConnection' xmlns:xsi='http://www.w3.org/2001/XMLSchema-instance' xmlns:xs='http://www.w3.org/2001/XMLSchema' xmlns:typens='http://www.esri.com/schemas/ArcGIS/3.5.0'&gt;&lt;WorkspaceFactory&gt;FileGDB&lt;/WorkspaceFactory&gt;&lt;Dataset&gt;GVan_Dissemination_Area&lt;/Dataset&gt;&lt;DatasetType&gt;esriDTFeatureClass&lt;/DatasetType&gt;&lt;/CIMStandardDataConnection&gt;" &lt;operationSequence&gt;&lt;workflow&gt;&lt;AddField&gt;&lt;field_name&gt;H_maintain&lt;/field_name&gt;&lt;field_type&gt;DOUBLE&lt;/field_type&gt;&lt;field_length&gt;255&lt;/field_length&gt;&lt;field_alias&gt;H_maintain&lt;/field_alias&gt;&lt;field_is_nullable&gt;True&lt;/field_is_nullable&gt;&lt;field_is_required&gt;False&lt;/field_is_required&gt;&lt;/AddField&gt;&lt;/workflow&gt;&lt;workflow&gt;&lt;AddField&gt;&lt;field_name&gt;H_rent&lt;/field_name&gt;&lt;field_type&gt;DOUBLE&lt;/field_type&gt;&lt;field_length&gt;255&lt;/field_length&gt;&lt;field_alias&gt;H_rent&lt;/field_alias&gt;&lt;field_is_nullable&gt;True&lt;/field_is_nullable&gt;&lt;field_is_required&gt;False&lt;/field_is_required&gt;&lt;/AddField&gt;&lt;/workflow&gt;&lt;/operationSequence&gt;</Process><Process ToolSource="c:\program files\arcgis\pro\Resources\ArcToolbox\toolboxes\Data Management Tools.tbx\DeleteField" Date="20251122" Time="144512">DeleteField GVan_Dissemination_Area H_maintain DELETE_FIELDS</Process><Process ToolSource="c:\program files\arcgis\pro\Resources\ArcToolbox\toolboxes\Data Management Tools.tbx\DeleteField" Date="20251122" Time="144518">DeleteField GVan_Dissemination_Area H_rent DELETE_FIELDS</Process><Process ToolSource="c:\program files\arcgis\pro\Resources\ArcToolbox\toolboxes\Data Management Tools.tbx\DeleteField" Date="20251122" Time="144524">DeleteField GVan_Dissemination_Area H_maintain_1 DELETE_FIELDS</Process><Process ToolSource="c:\program files\arcgis\pro\Resources\ArcToolbox\toolboxes\Data Management Tools.tbx\DeleteField" Date="20251122" Time="144531">DeleteField GVan_Dissemination_Area H_rent_1 DELETE_FIELDS</Process><Process ToolSource="c:\program files\arcgis\pro\Resources\ArcToolbox\toolboxes\Data Management Tools.tbx\JoinField" Date="20251122" Time="144615">JoinField GVan_Dissemination_Area DAUID GVan_AirQuality_Hosuing_Temp DAUID_1 LST_mean;AirQuality_PM2_5_MeanConcent;Average_monthly_shelter_costs_for_owned_dwellings;Average_monthly_shelter_costs_for_rented_dwellings NOT_USE_FM # NO_INDEXES</Process><Process ToolSource="c:\program files\arcgis\pro\Resources\ArcToolbox\toolboxes\Data Management Tools.tbx\DeleteField" Date="20251122" Time="144627">DeleteField GVan_Dissemination_Area LST_mean_1 DELETE_FIELDS</Process><Process ToolSource="c:\program files\arcgis\pro\Resources\ArcToolbox\toolboxes\Data Management Tools.tbx\DeleteField" Date="20251122" Time="144634">DeleteField GVan_Dissemination_Area AirQuality_PM2_5_MeanConcent_1 DELETE_FIELDS</Process><Process ToolSource="c:\program files\arcgis\pro\Resources\ArcToolbox\toolboxes\Data Management Tools.tbx\UpdateSchema" Date="20251122" Time="144726">UpdateSchema "CIMDATA=&lt;CIMStandardDataConnection xsi:type='typens:CIMStandardDataConnection' xmlns:xsi='http://www.w3.org/2001/XMLSchema-instance' xmlns:xs='http://www.w3.org/2001/XMLSchema' xmlns:typens='http://www.esri.com/schemas/ArcGIS/3.5.0'&gt;&lt;WorkspaceFactory&gt;FileGDB&lt;/WorkspaceFactory&gt;&lt;Dataset&gt;GVan_Dissemination_Area&lt;/Dataset&gt;&lt;DatasetType&gt;esriDTFeatureClass&lt;/DatasetType&gt;&lt;/CIMStandardDataConnection&gt;" &lt;operationSequence&gt;&lt;workflow&gt;&lt;AddField&gt;&lt;field_name&gt;H_maintain&lt;/field_name&gt;&lt;field_type&gt;DOUBLE&lt;/field_type&gt;&lt;field_is_nullable&gt;True&lt;/field_is_nullable&gt;&lt;field_is_required&gt;False&lt;/field_is_required&gt;&lt;/AddField&gt;&lt;/workflow&gt;&lt;workflow&gt;&lt;AddField&gt;&lt;field_name&gt;H_rent&lt;/field_name&gt;&lt;field_type&gt;DOUBLE&lt;/field_type&gt;&lt;field_is_nullable&gt;True&lt;/field_is_nullable&gt;&lt;field_is_required&gt;False&lt;/field_is_required&gt;&lt;/AddField&gt;&lt;/workflow&gt;&lt;/operationSequence&gt;</Process><Process ToolSource="c:\program files\arcgis\pro\Resources\ArcToolbox\toolboxes\Data Management Tools.tbx\CalculateField" Date="20251122" Time="144745">CalculateField GVan_Dissemination_Area H_maintain !Average_monthly_shelter_costs_for_owned_dwellings_1! PYTHON3 # TEXT NO_ENFORCE_DOMAINS</Process><Process ToolSource="c:\program files\arcgis\pro\Resources\ArcToolbox\toolboxes\Data Management Tools.tbx\CalculateField" Date="20251122" Time="144826">CalculateField GVan_Dissemination_Area H_rent !Average_monthly_shelter_costs_for_rented_dwellings_1! PYTHON3 # TEXT NO_ENFORCE_DOMAINS</Process><Process ToolSource="c:\program files\arcgis\pro\Resources\ArcToolbox\toolboxes\Data Management Tools.tbx\DeleteField" Date="20251122" Time="144834">DeleteField GVan_Dissemination_Area Average_monthly_shelter_costs_for_rented_dwellings_1 DELETE_FIELDS</Process><Process ToolSource="c:\program files\arcgis\pro\Resources\ArcToolbox\toolboxes\Data Management Tools.tbx\DeleteField" Date="20251122" Time="144841">DeleteField GVan_Dissemination_Area Average_monthly_shelter_costs_for_owned_dwellings_1 DELETE_FIELDS</Process><Process ToolSource="c:\program files\arcgis\pro\Resources\ArcToolbox\toolboxes\Conversion Tools.tbx\ExportFeatures" Date="20251122" Time="144907">ExportFeatures GVan_Dissemination_Area "C:\Users\zj1026.stu\OneDrive - UBC\FCOR599\Term1Presentation\Term1presentation\Term1presentation.gdb\GVan_Dissemination_Area_" # NOT_USE_ALIAS "DAUID "DAUID" true true false 8 Text 0 0,First,#,GVan_Dissemination_Area,DAUID,0,7;DGUID "DGUID" true true false 21 Text 0 0,First,#,GVan_Dissemination_Area,DGUID,0,20;LANDAREA "LANDAREA" true true false 8 Double 0 0,First,#,GVan_Dissemination_Area,LANDAREA,-1,-1;PRUID "PRUID" true true false 2 Text 0 0,First,#,GVan_Dissemination_Area,PRUID,0,1;StopDis "StopDis" true true false 8 Double 0 0,First,#,GVan_Dissemination_Area,StopDis,-1,-1;CBDDis "CBDDis" true true false 8 Double 0 0,First,#,GVan_Dissemination_Area,CBDDis,-1,-1;popdensity "popdensity" true true false 8 Double 0 0,First,#,GVan_Dissemination_Area,popdensity,-1,-1;Average_monthly_shelter_costs_for_owned_dwellings "Average monthly shelter costs for owned dwellings" true true false 255 Text 0 0,First,#,GVan_Dissemination_Area,Average_monthly_shelter_costs_for_owned_dwellings,0,254;Average_monthly_shelter_costs_for_rented_dwellings "Average monthly shelter costs for rented dwellings" true true false 255 Text 0 0,First,#,GVan_Dissemination_Area,Average_monthly_shelter_costs_for_rented_dwellings,0,254;green_dens "green_dens" true true false 8 Double 0 0,First,#,GVan_Dissemination_Area,green_dens,-1,-1;H_edu "H_edu" true true false 4 Long 0 0,First,#,GVan_Dissemination_Area,H_edu,-1,-1;Age_ "Age_" true true false 4 Long 0 0,First,#,GVan_Dissemination_Area,Age_,-1,-1;Unemploy_R "Unemploy_R" true true false 4 Long 0 0,First,#,GVan_Dissemination_Area,Unemploy_R,-1,-1;MedianInc "MedianInc" true true false 4 Long 0 0,First,#,GVan_Dissemination_Area,MedianInc,-1,-1;DIST_Coastline "DIST_Coastline" true true false 8 Double 0 0,First,#,GVan_Dissemination_Area,DIST_Coastline,-1,-1;dis_scho "dis_scho" true true false 8 Double 0 0,First,#,GVan_Dissemination_Area,dis_scho,-1,-1;dis_medi "dis_medi" true true false 8 Double 0 0,First,#,GVan_Dissemination_Area,dis_medi,-1,-1;Shape_Length "Shape_Length" false true true 8 Double 0 0,First,#,GVan_Dissemination_Area,Shape_Length,-1,-1;Shape_Area "Shape_Area" false true true 8 Double 0 0,First,#,GVan_Dissemination_Area,Shape_Area,-1,-1;LST_mean "LST_mean" true true false 8 Double 0 0,First,#,GVan_Dissemination_Area,LST_mean,-1,-1;AirQuality_PM2_5_MeanConcent "AirQuality_PM2.5_MeanConcent" true true false 8 Double 0 0,First,#,GVan_Dissemination_Area,AirQuality_PM2_5_MeanConcent,-1,-1;H_maintain "H_maintain" true true false 8 Double 0 0,First,#,GVan_Dissemination_Area,H_maintain,-1,-1;H_rent "H_rent" true true false 8 Double 0 0,First,#,GVan_Dissemination_Area,H_rent,-1,-1" #</Process><Process ToolSource="c:\program files\arcgis\pro\Resources\ArcToolbox\toolboxes\Data Management Tools.tbx\DeleteField" Date="20251122" Time="144958">DeleteField GVan_Dissemination_Area_ Average_monthly_shelter_costs_for_owned_dwellings DELETE_FIELDS</Process><Process ToolSource="c:\program files\arcgis\pro\Resources\ArcToolbox\toolboxes\Data Management Tools.tbx\DeleteField" Date="20251122" Time="145003">DeleteField GVan_Dissemination_Area_ Average_monthly_shelter_costs_for_rented_dwellings DELETE_FIELDS</Process><Process ToolSource="c:\program files\arcgis\pro\Resources\ArcToolbox\toolboxes\Data Management Tools.tbx\JoinField" Date="20251122" Time="153511">JoinField GVan_Dissemination_Area_ DAUID H_maintain_fill DAUID MEAN NOT_USE_FM # NO_INDEXES</Process><Process ToolSource="c:\program files\arcgis\pro\Resources\ArcToolbox\toolboxes\Data Management Tools.tbx\CalculateField" Date="20251122" Time="153705">CalculateField GVan_Dissemination_Area_ H_maintain !MEAN! PYTHON3 # TEXT NO_ENFORCE_DOMAINS</Process><Process ToolSource="c:\program files\arcgis\pro\Resources\ArcToolbox\Toolboxes\Data Management Tools.tbx\DeleteField" Date="20251122" Time="154650">DeleteField GVan_Dissemination_Area_ MEAN DELETE_FIELDS</Process><Process ToolSource="c:\program files\arcgis\pro\Resources\ArcToolbox\toolboxes\Data Management Tools.tbx\JoinField" Date="20251122" Time="154718">JoinField GVan_Dissemination_Area_ DAUID H_rent_fill DAUID MEAN NOT_USE_FM # NO_INDEXES</Process><Process ToolSource="c:\program files\arcgis\pro\Resources\ArcToolbox\toolboxes\Data Management Tools.tbx\CalculateField" Date="20251122" Time="154838">CalculateField GVan_Dissemination_Area_ H_rent !MEAN! PYTHON3 # TEXT NO_ENFORCE_DOMAINS</Process><Process ToolSource="c:\program files\arcgis\pro\Resources\ArcToolbox\toolboxes\Data Management Tools.tbx\DeleteField" Date="20251122" Time="154930">DeleteField GVan_Dissemination_Area_ MEAN DELETE_FIELDS</Process><Process ToolSource="c:\program files\arcgis\pro\Resources\ArcToolbox\toolboxes\Data Management Tools.tbx\UpdateSchema" Date="20251122" Time="155020">UpdateSchema "CIMDATA=&lt;CIMStandardDataConnection xsi:type='typens:CIMStandardDataConnection' xmlns:xsi='http://www.w3.org/2001/XMLSchema-instance' xmlns:xs='http://www.w3.org/2001/XMLSchema' xmlns:typens='http://www.esri.com/schemas/ArcGIS/3.5.0'&gt;&lt;WorkspaceFactory&gt;FileGDB&lt;/WorkspaceFactory&gt;&lt;Dataset&gt;GVan_Dissemination_Area_&lt;/Dataset&gt;&lt;DatasetType&gt;esriDTFeatureClass&lt;/DatasetType&gt;&lt;/CIMStandardDataConnection&gt;" &lt;operationSequence&gt;&lt;workflow&gt;&lt;AlterField&gt;&lt;field_name&gt;LST_mean&lt;/field_name&gt;&lt;new_field_name&gt;SurfaceT&lt;/new_field_name&gt;&lt;field_is_nullable&gt;True&lt;/field_is_nullable&gt;&lt;clear_field_alias&gt;False&lt;/clear_field_alias&gt;&lt;/AlterField&gt;&lt;/workflow&gt;&lt;workflow&gt;&lt;AlterField&gt;&lt;field_name&gt;AirQuality_PM2_5_MeanConcent&lt;/field_name&gt;&lt;new_field_name&gt;PM2_5_Mean&lt;/new_field_name&gt;&lt;field_is_nullable&gt;True&lt;/field_is_nullable&gt;&lt;clear_field_alias&gt;False&lt;/clear_field_alias&gt;&lt;/AlterField&gt;&lt;/workflow&gt;&lt;/operationSequence&gt;</Process><Process ToolSource="c:\program files\arcgis\pro\Resources\ArcToolbox\toolboxes\Conversion Tools.tbx\ExportFeatures" Date="20251122" Time="155953">ExportFeatures GVan_Dissemination_Area_ "C:\Users\zj1026.stu\OneDrive - UBC\FCOR599\Term1Presentation\Term1presentation\Term1presentation.gdb\GVan_Dissemination_Area" # NOT_USE_ALIAS "DAUID "DAUID" true true false 8 Text 0 0,First,#,GVan_Dissemination_Area_,DAUID,0,7;DGUID "DGUID" true true false 21 Text 0 0,First,#,GVan_Dissemination_Area_,DGUID,0,20;LANDAREA "LANDAREA" true true false 8 Double 0 0,First,#,GVan_Dissemination_Area_,LANDAREA,-1,-1;PRUID "PRUID" true true false 2 Text 0 0,First,#,GVan_Dissemination_Area_,PRUID,0,1;StopDis "StopDis" true true false 8 Double 0 0,First,#,GVan_Dissemination_Area_,StopDis,-1,-1;CBDDis "CBDDis" true true false 8 Double 0 0,First,#,GVan_Dissemination_Area_,CBDDis,-1,-1;H_maintain "H_maintain" true true false 8 Double 0 0,First,#,GVan_Dissemination_Area_,H_maintain,-1,-1;H_rent "H_rent" true true false 8 Double 0 0,First,#,GVan_Dissemination_Area_,H_rent,-1,-1;popdensity "popdensity" true true false 8 Double 0 0,First,#,GVan_Dissemination_Area_,popdensity,-1,-1;green_dens "green_dens" true true false 8 Double 0 0,First,#,GVan_Dissemination_Area_,green_dens,-1,-1;H_edu "H_edu" true true false 4 Long 0 0,First,#,GVan_Dissemination_Area_,H_edu,-1,-1;Age_ "Age_" true true false 4 Long 0 0,First,#,GVan_Dissemination_Area_,Age_,-1,-1;Unemploy_R "Unemploy_R" true true false 4 Long 0 0,First,#,GVan_Dissemination_Area_,Unemploy_R,-1,-1;MedianInc "MedianInc" true true false 4 Long 0 0,First,#,GVan_Dissemination_Area_,MedianInc,-1,-1;DIST_Coastline "DIST_Coastline" true true false 8 Double 0 0,First,#,GVan_Dissemination_Area_,DIST_Coastline,-1,-1;dis_scho "dis_scho" true true false 8 Double 0 0,First,#,GVan_Dissemination_Area_,dis_scho,-1,-1;dis_medi "dis_medi" true true false 8 Double 0 0,First,#,GVan_Dissemination_Area_,dis_medi,-1,-1;SurfaceT "LST_mean" true true false 8 Double 0 0,First,#,GVan_Dissemination_Area_,SurfaceT,-1,-1;PM2_5_Mean "AirQuality_PM2.5_MeanConcent" true true false 8 Double 0 0,First,#,GVan_Dissemination_Area_,PM2_5_Mean,-1,-1;Shape_Length "Shape_Length" false true true 8 Double 0 0,First,#,GVan_Dissemination_Area_,Shape_Length,-1,-1;Shape_Area "Shape_Area" false true true 8 Double 0 0,First,#,GVan_Dissemination_Area_,Shape_Area,-1,-1" #</Process><Process ToolSource="c:\program files\arcgis\pro\Resources\ArcToolbox\toolboxes\Conversion Tools.tbx\ExportFeatures" Date="20251122" Time="160140">ExportFeatures "C:\Users\zj1026.stu\OneDrive - UBC\FCOR599\Term1Presentation\Term1presentation\Term1presentation.gdb\GVan_Dissemination_Area" "C:\Users\zj1026.stu\OneDrive - UBC\FCOR599\Term1Presentation\Output_Data\GVan_DA_Final.shp" # NOT_USE_ALIAS "DAUID "DAUID" true true false 8 Text 0 0,First,#,C:\Users\zj1026.stu\OneDrive - UBC\FCOR599\Term1Presentation\Term1presentation\Term1presentation.gdb\GVan_Dissemination_Area,DAUID,0,7;DGUID "DGUID" true true false 21 Text 0 0,First,#,C:\Users\zj1026.stu\OneDrive - UBC\FCOR599\Term1Presentation\Term1presentation\Term1presentation.gdb\GVan_Dissemination_Area,DGUID,0,20;LANDAREA "LANDAREA" true true false 8 Double 0 0,First,#,C:\Users\zj1026.stu\OneDrive - UBC\FCOR599\Term1Presentation\Term1presentation\Term1presentation.gdb\GVan_Dissemination_Area,LANDAREA,-1,-1;PRUID "PRUID" true true false 2 Text 0 0,First,#,C:\Users\zj1026.stu\OneDrive - UBC\FCOR599\Term1Presentation\Term1presentation\Term1presentation.gdb\GVan_Dissemination_Area,PRUID,0,1;StopDis "StopDis" true true false 8 Double 0 0,First,#,C:\Users\zj1026.stu\OneDrive - UBC\FCOR599\Term1Presentation\Term1presentation\Term1presentation.gdb\GVan_Dissemination_Area,StopDis,-1,-1;CBDDis "CBDDis" true true false 8 Double 0 0,First,#,C:\Users\zj1026.stu\OneDrive - UBC\FCOR599\Term1Presentation\Term1presentation\Term1presentation.gdb\GVan_Dissemination_Area,CBDDis,-1,-1;H_maintain "H_maintain" true true false 8 Double 0 0,First,#,C:\Users\zj1026.stu\OneDrive - UBC\FCOR599\Term1Presentation\Term1presentation\Term1presentation.gdb\GVan_Dissemination_Area,H_maintain,-1,-1;H_rent "H_rent" true true false 8 Double 0 0,First,#,C:\Users\zj1026.stu\OneDrive - UBC\FCOR599\Term1Presentation\Term1presentation\Term1presentation.gdb\GVan_Dissemination_Area,H_rent,-1,-1;popdensity "popdensity" true true false 8 Double 0 0,First,#,C:\Users\zj1026.stu\OneDrive - UBC\FCOR599\Term1Presentation\Term1presentation\Term1presentation.gdb\GVan_Dissemination_Area,popdensity,-1,-1;green_dens "green_dens" true true false 8 Double 0 0,First,#,C:\Users\zj1026.stu\OneDrive - UBC\FCOR599\Term1Presentation\Term1presentation\Term1presentation.gdb\GVan_Dissemination_Area,green_dens,-1,-1;H_edu "H_edu" true true false 4 Long 0 0,First,#,C:\Users\zj1026.stu\OneDrive - UBC\FCOR599\Term1Presentation\Term1presentation\Term1presentation.gdb\GVan_Dissemination_Area,H_edu,-1,-1;Age_ "Age_" true true false 4 Long 0 0,First,#,C:\Users\zj1026.stu\OneDrive - UBC\FCOR599\Term1Presentation\Term1presentation\Term1presentation.gdb\GVan_Dissemination_Area,Age_,-1,-1;Unemploy_R "Unemploy_R" true true false 4 Long 0 0,First,#,C:\Users\zj1026.stu\OneDrive - UBC\FCOR599\Term1Presentation\Term1presentation\Term1presentation.gdb\GVan_Dissemination_Area,Unemploy_R,-1,-1;MedianInc "MedianInc" true true false 4 Long 0 0,First,#,C:\Users\zj1026.stu\OneDrive - UBC\FCOR599\Term1Presentation\Term1presentation\Term1presentation.gdb\GVan_Dissemination_Area,MedianInc,-1,-1;DIST_Coastline "DIST_Coastline" true true false 8 Double 0 0,First,#,C:\Users\zj1026.stu\OneDrive - UBC\FCOR599\Term1Presentation\Term1presentation\Term1presentation.gdb\GVan_Dissemination_Area,DIST_Coastline,-1,-1;dis_scho "dis_scho" true true false 8 Double 0 0,First,#,C:\Users\zj1026.stu\OneDrive - UBC\FCOR599\Term1Presentation\Term1presentation\Term1presentation.gdb\GVan_Dissemination_Area,dis_scho,-1,-1;dis_medi "dis_medi" true true false 8 Double 0 0,First,#,C:\Users\zj1026.stu\OneDrive - UBC\FCOR599\Term1Presentation\Term1presentation\Term1presentation.gdb\GVan_Dissemination_Area,dis_medi,-1,-1;SurfaceT "LST_mean" true true false 8 Double 0 0,First,#,C:\Users\zj1026.stu\OneDrive - UBC\FCOR599\Term1Presentation\Term1presentation\Term1presentation.gdb\GVan_Dissemination_Area,SurfaceT,-1,-1;PM2_5_Mean "AirQuality_PM2.5_MeanConcent" true true false 8 Double 0 0,First,#,C:\Users\zj1026.stu\OneDrive - UBC\FCOR599\Term1Presentation\Term1presentation\Term1presentation.gdb\GVan_Dissemination_Area,PM2_5_Mean,-1,-1;Shape_Length "Shape_Length" false true true 8 Double 0 0,First,#,C:\Users\zj1026.stu\OneDrive - UBC\FCOR599\Term1Presentation\Term1presentation\Term1presentation.gdb\GVan_Dissemination_Area,Shape_Length,-1,-1;Shape_Area "Shape_Area" false true true 8 Double 0 0,First,#,C:\Users\zj1026.stu\OneDrive - UBC\FCOR599\Term1Presentation\Term1presentation\Term1presentation.gdb\GVan_Dissemination_Area,Shape_Area,-1,-1" #</Process><Process ToolSource="c:\program files\arcgis\pro\Resources\ArcToolbox\toolboxes\Conversion Tools.tbx\ExportFeatures" Date="20251122" Time="160420">ExportFeatures GVan_DA_Final "C:\Users\zj1026.stu\OneDrive - UBC\FCOR599\Term1Presentation\Term1presentation\Term1presentation.gdb\GVan_Dissemination_Area" # NOT_USE_ALIAS "DAUID "DAUID" true true false 8 Text 0 0,First,#,GVan_DA_Final,DAUID,0,7;DGUID "DGUID" true true false 21 Text 0 0,First,#,GVan_DA_Final,DGUID,0,20;LANDAREA "LANDAREA" true true false 19 Double 0 0,First,#,GVan_DA_Final,LANDAREA,-1,-1;PRUID "PRUID" true true false 2 Text 0 0,First,#,GVan_DA_Final,PRUID,0,1;StopDis "StopDis" true true false 19 Double 0 0,First,#,GVan_DA_Final,StopDis,-1,-1;CBDDis "CBDDis" true true false 19 Double 0 0,First,#,GVan_DA_Final,CBDDis,-1,-1;H_maintain "H_maintain" true true false 19 Double 0 0,First,#,GVan_DA_Final,H_maintain,-1,-1;H_rent "H_rent" true true false 19 Double 0 0,First,#,GVan_DA_Final,H_rent,-1,-1;popdensity "popdensity" true true false 19 Double 0 0,First,#,GVan_DA_Final,popdensity,-1,-1;green_dens "green_dens" true true false 19 Double 0 0,First,#,GVan_DA_Final,green_dens,-1,-1;H_edu "H_edu" true true false 10 Long 0 10,First,#,GVan_DA_Final,H_edu,-1,-1;Age_ "Age_" true true false 10 Long 0 10,First,#,GVan_DA_Final,Age_,-1,-1;Unemploy_R "Unemploy_R" true true false 10 Long 0 10,First,#,GVan_DA_Final,Unemploy_R,-1,-1;MedianInc "MedianInc" true true false 10 Long 0 10,First,#,GVan_DA_Final,MedianInc,-1,-1;DIST_Coast "DIST_Coast" true true false 19 Double 0 0,First,#,GVan_DA_Final,DIST_Coast,-1,-1;dis_scho "dis_scho" true true false 19 Double 0 0,First,#,GVan_DA_Final,dis_scho,-1,-1;dis_medi "dis_medi" true true false 19 Double 0 0,First,#,GVan_DA_Final,dis_medi,-1,-1;SurfaceT "SurfaceT" true true false 19 Double 0 0,First,#,GVan_DA_Final,SurfaceT,-1,-1;PM2_5_Mean "PM2_5_Mean" true true false 19 Double 0 0,First,#,GVan_DA_Final,PM2_5_Mean,-1,-1;Shape_Leng "Shape_Leng" true true false 19 Double 0 0,First,#,GVan_DA_Final,Shape_Leng,-1,-1;Shape_Area "Shape_Area" true true false 19 Double 0 0,First,#,GVan_DA_Final,Shape_Area,-1,-1" #</Process><Process ToolSource="c:\program files\arcgis\pro\Resources\ArcToolbox\toolboxes\Data Management Tools.tbx\JoinField" Date="20251126" Time="152831">JoinField GVan_Dissemination_Area DAUID crime DAUID CrimeRate NOT_USE_FM # NO_INDEXES</Process><Process ToolSource="c:\program files\arcgis\pro\Resources\ArcToolbox\toolboxes\Data Management Tools.tbx\JoinField" Date="20251126" Time="153348">JoinField GVan_Dissemination_Area DAUID ZonalCrime DAUID # NOT_USE_FM # NO_INDEXES</Process><Process ToolSource="c:\program files\arcgis\pro\Resources\ArcToolbox\toolboxes\Data Management Tools.tbx\DeleteField" Date="20251126" Time="153414">DeleteField GVan_Dissemination_Area DAUID_1;ZONE_CODE;COUNT;AREA;MIN;MAX;RANGE;MEAN;STD;SUM;MEDIAN;PCT90 DELETE_FIELDS</Process><Process ToolSource="c:\program files\arcgis\pro\Resources\ArcToolbox\toolboxes\Data Management Tools.tbx\JoinField" Date="20251126" Time="153429">JoinField GVan_Dissemination_Area DAUID ZonalCrime DAUID MEAN NOT_USE_FM # NO_INDEXES</Process><Process ToolSource="c:\program files\arcgis\pro\Resources\ArcToolbox\toolboxes\Data Management Tools.tbx\CalculateField" Date="20251126" Time="153448">CalculateField GVan_Dissemination_Area CrimeRate !MEAN! PYTHON3 # TEXT NO_ENFORCE_DOMAINS</Process><Process ToolSource="c:\program files\arcgis\pro\Resources\ArcToolbox\toolboxes\Data Management Tools.tbx\DeleteField" Date="20251126" Time="153524">DeleteField GVan_Dissemination_Area MEAN DELETE_FIELDS</Process><Process ToolSource="c:\program files\arcgis\pro\Resources\ArcToolbox\toolboxes\Conversion Tools.tbx\ExportFeatures" Date="20251126" Time="153550">ExportFeatures GVan_Dissemination_Area "C:\Users\zj1026.stu\OneDrive - UBC\FCOR599\Term1Presentation\Term1presentation\Term1presentation.gdb\GVan_Dissemination_Area_" # NOT_USE_ALIAS "DAUID "DAUID" true true false 8 Text 0 0,First,#,GVan_Dissemination_Area,DAUID,0,7;DGUID "DGUID" true true false 21 Text 0 0,First,#,GVan_Dissemination_Area,DGUID,0,20;LANDAREA "LANDAREA" true true false 8 Double 0 0,First,#,GVan_Dissemination_Area,LANDAREA,-1,-1;PRUID "PRUID" true true false 2 Text 0 0,First,#,GVan_Dissemination_Area,PRUID,0,1;StopDis "StopDis" true true false 8 Double 0 0,First,#,GVan_Dissemination_Area,StopDis,-1,-1;CBDDis "CBDDis" true true false 8 Double 0 0,First,#,GVan_Dissemination_Area,CBDDis,-1,-1;H_maintain "H_maintain" true true false 8 Double 0 0,First,#,GVan_Dissemination_Area,H_maintain,-1,-1;H_rent "H_rent" true true false 8 Double 0 0,First,#,GVan_Dissemination_Area,H_rent,-1,-1;popdensity "popdensity" true true false 8 Double 0 0,First,#,GVan_Dissemination_Area,popdensity,-1,-1;green_dens "green_dens" true true false 8 Double 0 0,First,#,GVan_Dissemination_Area,green_dens,-1,-1;H_edu "H_edu" true true false 4 Long 0 0,First,#,GVan_Dissemination_Area,H_edu,-1,-1;Age_ "Age_" true true false 4 Long 0 0,First,#,GVan_Dissemination_Area,Age_,-1,-1;Unemploy_R "Unemploy_R" true true false 4 Long 0 0,First,#,GVan_Dissemination_Area,Unemploy_R,-1,-1;MedianInc "MedianInc" true true false 4 Long 0 0,First,#,GVan_Dissemination_Area,MedianInc,-1,-1;DIST_Coast "DIST_Coast" true true false 8 Double 0 0,First,#,GVan_Dissemination_Area,DIST_Coast,-1,-1;dis_scho "dis_scho" true true false 8 Double 0 0,First,#,GVan_Dissemination_Area,dis_scho,-1,-1;dis_medi "dis_medi" true true false 8 Double 0 0,First,#,GVan_Dissemination_Area,dis_medi,-1,-1;SurfaceT "SurfaceT" true true false 8 Double 0 0,First,#,GVan_Dissemination_Area,SurfaceT,-1,-1;PM2_5_Mean "PM2_5_Mean" true true false 8 Double 0 0,First,#,GVan_Dissemination_Area,PM2_5_Mean,-1,-1;Shape_Leng "Shape_Leng" true true false 8 Double 0 0,First,#,GVan_Dissemination_Area,Shape_Leng,-1,-1;Shape_Length "Shape_Length" false true true 8 Double 0 0,First,#,GVan_Dissemination_Area,Shape_Length,-1,-1;Shape_Area "Shape_Area" false true true 8 Double 0 0,First,#,GVan_Dissemination_Area,Shape_Area,-1,-1;CrimeRate "CrimeRate" true true false 8 Double 0 0,First,#,GVan_Dissemination_Area,CrimeRate,-1,-1" #</Process><Process ToolSource="c:\program files\arcgis\pro\Resources\ArcToolbox\toolboxes\Data Management Tools.tbx\DeleteField" Date="20251126" Time="153602">DeleteField GVan_Dissemination_Area_ Shape_Leng DELETE_FIELDS</Process><Process ToolSource="c:\program files\arcgis\pro\Resources\ArcToolbox\toolboxes\Conversion Tools.tbx\ExportFeatures" Date="20251126" Time="153700">ExportFeatures "C:\Users\zj1026.stu\OneDrive - UBC\FCOR599\Term1Presentation\Term1presentation\Term1presentation.gdb\GVan_Dissemination_Area_" "C:\Users\zj1026.stu\OneDrive - UBC\FCOR599\Term1Presentation\Output_Data\GVan_DA_Final_.shp" # NOT_USE_ALIAS "DAUID "DAUID" true true false 8 Text 0 0,First,#,C:\Users\zj1026.stu\OneDrive - UBC\FCOR599\Term1Presentation\Term1presentation\Term1presentation.gdb\GVan_Dissemination_Area_,DAUID,0,7;DGUID "DGUID" true true false 21 Text 0 0,First,#,C:\Users\zj1026.stu\OneDrive - UBC\FCOR599\Term1Presentation\Term1presentation\Term1presentation.gdb\GVan_Dissemination_Area_,DGUID,0,20;LANDAREA "LANDAREA" true true false 8 Double 0 0,First,#,C:\Users\zj1026.stu\OneDrive - UBC\FCOR599\Term1Presentation\Term1presentation\Term1presentation.gdb\GVan_Dissemination_Area_,LANDAREA,-1,-1;PRUID "PRUID" true true false 2 Text 0 0,First,#,C:\Users\zj1026.stu\OneDrive - UBC\FCOR599\Term1Presentation\Term1presentation\Term1presentation.gdb\GVan_Dissemination_Area_,PRUID,0,1;StopDis "StopDis" true true false 8 Double 0 0,First,#,C:\Users\zj1026.stu\OneDrive - UBC\FCOR599\Term1Presentation\Term1presentation\Term1presentation.gdb\GVan_Dissemination_Area_,StopDis,-1,-1;CBDDis "CBDDis" true true false 8 Double 0 0,First,#,C:\Users\zj1026.stu\OneDrive - UBC\FCOR599\Term1Presentation\Term1presentation\Term1presentation.gdb\GVan_Dissemination_Area_,CBDDis,-1,-1;H_maintain "H_maintain" true true false 8 Double 0 0,First,#,C:\Users\zj1026.stu\OneDrive - UBC\FCOR599\Term1Presentation\Term1presentation\Term1presentation.gdb\GVan_Dissemination_Area_,H_maintain,-1,-1;H_rent "H_rent" true true false 8 Double 0 0,First,#,C:\Users\zj1026.stu\OneDrive - UBC\FCOR599\Term1Presentation\Term1presentation\Term1presentation.gdb\GVan_Dissemination_Area_,H_rent,-1,-1;popdensity "popdensity" true true false 8 Double 0 0,First,#,C:\Users\zj1026.stu\OneDrive - UBC\FCOR599\Term1Presentation\Term1presentation\Term1presentation.gdb\GVan_Dissemination_Area_,popdensity,-1,-1;green_dens "green_dens" true true false 8 Double 0 0,First,#,C:\Users\zj1026.stu\OneDrive - UBC\FCOR599\Term1Presentation\Term1presentation\Term1presentation.gdb\GVan_Dissemination_Area_,green_dens,-1,-1;H_edu "H_edu" true true false 4 Long 0 0,First,#,C:\Users\zj1026.stu\OneDrive - UBC\FCOR599\Term1Presentation\Term1presentation\Term1presentation.gdb\GVan_Dissemination_Area_,H_edu,-1,-1;Age_ "Age_" true true false 4 Long 0 0,First,#,C:\Users\zj1026.stu\OneDrive - UBC\FCOR599\Term1Presentation\Term1presentation\Term1presentation.gdb\GVan_Dissemination_Area_,Age_,-1,-1;Unemploy_R "Unemploy_R" true true false 4 Long 0 0,First,#,C:\Users\zj1026.stu\OneDrive - UBC\FCOR599\Term1Presentation\Term1presentation\Term1presentation.gdb\GVan_Dissemination_Area_,Unemploy_R,-1,-1;MedianInc "MedianInc" true true false 4 Long 0 0,First,#,C:\Users\zj1026.stu\OneDrive - UBC\FCOR599\Term1Presentation\Term1presentation\Term1presentation.gdb\GVan_Dissemination_Area_,MedianInc,-1,-1;DIST_Coast "DIST_Coast" true true false 8 Double 0 0,First,#,C:\Users\zj1026.stu\OneDrive - UBC\FCOR599\Term1Presentation\Term1presentation\Term1presentation.gdb\GVan_Dissemination_Area_,DIST_Coast,-1,-1;dis_scho "dis_scho" true true false 8 Double 0 0,First,#,C:\Users\zj1026.stu\OneDrive - UBC\FCOR599\Term1Presentation\Term1presentation\Term1presentation.gdb\GVan_Dissemination_Area_,dis_scho,-1,-1;dis_medi "dis_medi" true true false 8 Double 0 0,First,#,C:\Users\zj1026.stu\OneDrive - UBC\FCOR599\Term1Presentation\Term1presentation\Term1presentation.gdb\GVan_Dissemination_Area_,dis_medi,-1,-1;SurfaceT "SurfaceT" true true false 8 Double 0 0,First,#,C:\Users\zj1026.stu\OneDrive - UBC\FCOR599\Term1Presentation\Term1presentation\Term1presentation.gdb\GVan_Dissemination_Area_,SurfaceT,-1,-1;PM2_5_Mean "PM2_5_Mean" true true false 8 Double 0 0,First,#,C:\Users\zj1026.stu\OneDrive - UBC\FCOR599\Term1Presentation\Term1presentation\Term1presentation.gdb\GVan_Dissemination_Area_,PM2_5_Mean,-1,-1;CrimeRate "CrimeRate" true true false 8 Double 0 0,First,#,C:\Users\zj1026.stu\OneDrive - UBC\FCOR599\Term1Presentation\Term1presentation\Term1presentation.gdb\GVan_Dissemination_Area_,CrimeRate,-1,-1;Shape_Length "Shape_Length" false true true 8 Double 0 0,First,#,C:\Users\zj1026.stu\OneDrive - UBC\FCOR599\Term1Presentation\Term1presentation\Term1presentation.gdb\GVan_Dissemination_Area_,Shape_Length,-1,-1;Shape_Area "Shape_Area" false true true 8 Double 0 0,First,#,C:\Users\zj1026.stu\OneDrive - UBC\FCOR599\Term1Presentation\Term1presentation\Term1presentation.gdb\GVan_Dissemination_Area_,Shape_Area,-1,-1" #</Process><Process ToolSource="c:\program files\arcgis\pro\Resources\ArcToolbox\toolboxes\Conversion Tools.tbx\ExportFeatures" Date="20251127" Time="091857">ExportFeatures GVan_DA_Final_ "C:\Users\zj1026.stu\OneDrive - UBC\FCOR599\Term1Presentation\Term1presentation\Term1presentation.gdb\GVan_Dissemination_Area" # NOT_USE_ALIAS "DAUID "DAUID" true true false 8 Text 0 0,First,#,GVan_DA_Final_,DAUID,0,7;DGUID "DGUID" true true false 21 Text 0 0,First,#,GVan_DA_Final_,DGUID,0,20;LANDAREA "LANDAREA" true true false 19 Double 0 0,First,#,GVan_DA_Final_,LANDAREA,-1,-1;PRUID "PRUID" true true false 2 Text 0 0,First,#,GVan_DA_Final_,PRUID,0,1;StopDis "StopDis" true true false 19 Double 0 0,First,#,GVan_DA_Final_,StopDis,-1,-1;CBDDis "CBDDis" true true false 19 Double 0 0,First,#,GVan_DA_Final_,CBDDis,-1,-1;H_maintain "H_maintain" true true false 19 Double 0 0,First,#,GVan_DA_Final_,H_maintain,-1,-1;H_rent "H_rent" true true false 19 Double 0 0,First,#,GVan_DA_Final_,H_rent,-1,-1;popdensity "popdensity" true true false 19 Double 0 0,First,#,GVan_DA_Final_,popdensity,-1,-1;green_dens "green_dens" true true false 19 Double 0 0,First,#,GVan_DA_Final_,green_dens,-1,-1;H_edu "H_edu" true true false 10 Long 0 10,First,#,GVan_DA_Final_,H_edu,-1,-1;Age_ "Age_" true true false 10 Long 0 10,First,#,GVan_DA_Final_,Age_,-1,-1;Unemploy_R "Unemploy_R" true true false 10 Long 0 10,First,#,GVan_DA_Final_,Unemploy_R,-1,-1;MedianInc "MedianInc" true true false 10 Long 0 10,First,#,GVan_DA_Final_,MedianInc,-1,-1;DIST_Coast "DIST_Coast" true true false 19 Double 0 0,First,#,GVan_DA_Final_,DIST_Coast,-1,-1;dis_scho "dis_scho" true true false 19 Double 0 0,First,#,GVan_DA_Final_,dis_scho,-1,-1;dis_medi "dis_medi" true true false 19 Double 0 0,First,#,GVan_DA_Final_,dis_medi,-1,-1;SurfaceT "SurfaceT" true true false 19 Double 0 0,First,#,GVan_DA_Final_,SurfaceT,-1,-1;PM2_5_Mean "PM2_5_Mean" true true false 19 Double 0 0,First,#,GVan_DA_Final_,PM2_5_Mean,-1,-1;CrimeRate "CrimeRate" true true false 19 Double 0 0,First,#,GVan_DA_Final_,CrimeRate,-1,-1;Shape_Leng "Shape_Leng" true true false 19 Double 0 0,First,#,GVan_DA_Final_,Shape_Leng,-1,-1;Shape_Area "Shape_Area" true true false 19 Double 0 0,First,#,GVan_DA_Final_,Shape_Area,-1,-1" #</Process><Process ToolSource="c:\program files\arcgis\pro\Resources\ArcToolbox\toolboxes\Conversion Tools.tbx\ExportFeatures" Date="20251127" Time="092002">ExportFeatures "C:\Users\zj1026.stu\OneDrive - UBC\FCOR599\Term1Presentation\Term1presentation\Term1presentation.gdb\GVan_Dissemination_Area" "C:\Users\zj1026.stu\OneDrive - UBC\FCOR599\Term1Presentation\Output_Data\GVan_DA_Final.shp" # NOT_USE_ALIAS "DAUID "DAUID" true true false 8 Text 0 0,First,#,C:\Users\zj1026.stu\OneDrive - UBC\FCOR599\Term1Presentation\Term1presentation\Term1presentation.gdb\GVan_Dissemination_Area,DAUID,0,7;DGUID "DGUID" true true false 21 Text 0 0,First,#,C:\Users\zj1026.stu\OneDrive - UBC\FCOR599\Term1Presentation\Term1presentation\Term1presentation.gdb\GVan_Dissemination_Area,DGUID,0,20;LANDAREA "LANDAREA" true true false 8 Double 0 0,First,#,C:\Users\zj1026.stu\OneDrive - UBC\FCOR599\Term1Presentation\Term1presentation\Term1presentation.gdb\GVan_Dissemination_Area,LANDAREA,-1,-1;PRUID "PRUID" true true false 2 Text 0 0,First,#,C:\Users\zj1026.stu\OneDrive - UBC\FCOR599\Term1Presentation\Term1presentation\Term1presentation.gdb\GVan_Dissemination_Area,PRUID,0,1;StopDis "StopDis" true true false 8 Double 0 0,First,#,C:\Users\zj1026.stu\OneDrive - UBC\FCOR599\Term1Presentation\Term1presentation\Term1presentation.gdb\GVan_Dissemination_Area,StopDis,-1,-1;CBDDis "CBDDis" true true false 8 Double 0 0,First,#,C:\Users\zj1026.stu\OneDrive - UBC\FCOR599\Term1Presentation\Term1presentation\Term1presentation.gdb\GVan_Dissemination_Area,CBDDis,-1,-1;H_maintain "H_maintain" true true false 8 Double 0 0,First,#,C:\Users\zj1026.stu\OneDrive - UBC\FCOR599\Term1Presentation\Term1presentation\Term1presentation.gdb\GVan_Dissemination_Area,H_maintain,-1,-1;H_rent "H_rent" true true false 8 Double 0 0,First,#,C:\Users\zj1026.stu\OneDrive - UBC\FCOR599\Term1Presentation\Term1presentation\Term1presentation.gdb\GVan_Dissemination_Area,H_rent,-1,-1;popdensity "popdensity" true true false 8 Double 0 0,First,#,C:\Users\zj1026.stu\OneDrive - UBC\FCOR599\Term1Presentation\Term1presentation\Term1presentation.gdb\GVan_Dissemination_Area,popdensity,-1,-1;green_dens "green_dens" true true false 8 Double 0 0,First,#,C:\Users\zj1026.stu\OneDrive - UBC\FCOR599\Term1Presentation\Term1presentation\Term1presentation.gdb\GVan_Dissemination_Area,green_dens,-1,-1;H_edu "H_edu" true true false 4 Long 0 0,First,#,C:\Users\zj1026.stu\OneDrive - UBC\FCOR599\Term1Presentation\Term1presentation\Term1presentation.gdb\GVan_Dissemination_Area,H_edu,-1,-1;Age_ "Age_" true true false 4 Long 0 0,First,#,C:\Users\zj1026.stu\OneDrive - UBC\FCOR599\Term1Presentation\Term1presentation\Term1presentation.gdb\GVan_Dissemination_Area,Age_,-1,-1;Unemploy_R "Unemploy_R" true true false 4 Long 0 0,First,#,C:\Users\zj1026.stu\OneDrive - UBC\FCOR599\Term1Presentation\Term1presentation\Term1presentation.gdb\GVan_Dissemination_Area,Unemploy_R,-1,-1;MedianInc "MedianInc" true true false 4 Long 0 0,First,#,C:\Users\zj1026.stu\OneDrive - UBC\FCOR599\Term1Presentation\Term1presentation\Term1presentation.gdb\GVan_Dissemination_Area,MedianInc,-1,-1;DIST_Coast "DIST_Coast" true true false 8 Double 0 0,First,#,C:\Users\zj1026.stu\OneDrive - UBC\FCOR599\Term1Presentation\Term1presentation\Term1presentation.gdb\GVan_Dissemination_Area,DIST_Coast,-1,-1;dis_scho "dis_scho" true true false 8 Double 0 0,First,#,C:\Users\zj1026.stu\OneDrive - UBC\FCOR599\Term1Presentation\Term1presentation\Term1presentation.gdb\GVan_Dissemination_Area,dis_scho,-1,-1;dis_medi "dis_medi" true true false 8 Double 0 0,First,#,C:\Users\zj1026.stu\OneDrive - UBC\FCOR599\Term1Presentation\Term1presentation\Term1presentation.gdb\GVan_Dissemination_Area,dis_medi,-1,-1;SurfaceT "SurfaceT" true true false 8 Double 0 0,First,#,C:\Users\zj1026.stu\OneDrive - UBC\FCOR599\Term1Presentation\Term1presentation\Term1presentation.gdb\GVan_Dissemination_Area,SurfaceT,-1,-1;PM2_5_Mean "PM2_5_Mean" true true false 8 Double 0 0,First,#,C:\Users\zj1026.stu\OneDrive - UBC\FCOR599\Term1Presentation\Term1presentation\Term1presentation.gdb\GVan_Dissemination_Area,PM2_5_Mean,-1,-1;CrimeRate "CrimeRate" true true false 8 Double 0 0,First,#,C:\Users\zj1026.stu\OneDrive - UBC\FCOR599\Term1Presentation\Term1presentation\Term1presentation.gdb\GVan_Dissemination_Area,CrimeRate,-1,-1;Shape_Leng "Shape_Leng" true true false 8 Double 0 0,First,#,C:\Users\zj1026.stu\OneDrive - UBC\FCOR599\Term1Presentation\Term1presentation\Term1presentation.gdb\GVan_Dissemination_Area,Shape_Leng,-1,-1;Shape_Length "Shape_Length" false true true 8 Double 0 0,First,#,C:\Users\zj1026.stu\OneDrive - UBC\FCOR599\Term1Presentation\Term1presentation\Term1presentation.gdb\GVan_Dissemination_Area,Shape_Length,-1,-1;Shape_Area "Shape_Area" false true true 8 Double 0 0,First,#,C:\Users\zj1026.stu\OneDrive - UBC\FCOR599\Term1Presentation\Term1presentation\Term1presentation.gdb\GVan_Dissemination_Area,Shape_Area,-1,-1" #</Process><Process ToolSource="c:\program files\arcgis\pro\Resources\ArcToolbox\toolboxes\Data Management Tools.tbx\DeleteField" Date="20251127" Time="092027">DeleteField GVan_DA_Final Shape_Le_1 DELETE_FIELDS</Process></lineage></DataProperties><SyncDate>20251127</SyncDate><SyncTime>09200200</SyncTime><ModDate>20251127</ModDate><ModTime>09200200</ModTime></Esri><dataIdInfo><envirDesc Sync="TRUE">Microsoft Windows 10 Version 10.0 (Build 26200) ; Esri ArcGIS 13.5.2.57366</envirDesc><dataLang><languageCode value="eng" Sync="TRUE"></languageCode><countryCode value="USA" Sync="TRUE"></countryCode></dataLang><idCitation><resTitle Sync="TRUE">GVan_DA_Final</resTitle><presForm><PresFormCd value="005" Sync="TRUE"></PresFormCd></presForm></idCitation><spatRpType><SpatRepTypCd value="001" Sync="TRUE"></SpatRepTypCd></spatRpType></dataIdInfo><mdLang><languageCode value="eng" Sync="TRUE"></languageCode><countryCode value="USA" Sync="TRUE"></countryCode></mdLang><distInfo><distFormat><formatName Sync="TRUE">Shapefile</formatName></distFormat><distTranOps><transSize Sync="TRUE">0.000</transSize></distTranOps></distInfo><mdHrLv><ScopeCd value="005" Sync="TRUE"></ScopeCd></mdHrLv><mdHrLvName Sync="TRUE">dataset</mdHrLvName><refSysInfo><RefSystem><refSysID><identCode code="26910" Sync="TRUE"></identCode><idCodeSpace Sync="TRUE">EPSG</idCodeSpace><idVersion Sync="TRUE">6.13(3.0.1)</idVersion></refSysID></RefSystem></refSysInfo><spatRepInfo><VectSpatRep><geometObjs Name="GVan_DA_Final"><geoObjTyp><GeoObjTypCd value="002" Sync="TRUE"></GeoObjTypCd></geoObjTyp><geoObjCnt Sync="TRUE">0</geoObjCnt></geometObjs><topLvl><TopoLevCd value="001" Sync="TRUE"></TopoLevCd></topLvl></VectSpatRep></spatRepInfo><spdoinfo><ptvctinf><esriterm Name="GVan_DA_Final"><efeatyp Sync="TRUE">Simple</efeatyp><efeageom code="4" Sync="TRUE"></efeageom><esritopo Sync="TRUE">FALSE</esritopo><efeacnt Sync="TRUE">0</efeacnt><spindex Sync="TRUE">FALSE</spindex><linrefer Sync="TRUE">FALSE</linrefer></esriterm></ptvctinf></spdoinfo><eainfo><detailed Name="GVan_DA_Final"><enttyp><enttypl Sync="TRUE">GVan_DA_Final</enttypl><enttypt Sync="TRUE">Feature Class</enttypt><enttypc Sync="TRUE">0</enttypc></enttyp><attr><attrlabl Sync="TRUE">FID</attrlabl><attalias Sync="TRUE">FID</attalias><attrtype Sync="TRUE">OID</attrtype><attwidth Sync="TRUE">4</attwidth><atprecis Sync="TRUE">0</atprecis><attscale Sync="TRUE">0</attscale><attrdef Sync="TRUE">Internal feature number.</attrdef><attrdefs Sync="TRUE">Esri</attrdefs><attrdomv><udom Sync="TRUE">Sequential unique whole numbers that are automatically generated.</udom></attrdomv></attr><attr><attrlabl Sync="TRUE">Shape</attrlabl><attalias Sync="TRUE">Shape</attalias><attrtype Sync="TRUE">Geometry</attrtype><attwidth Sync="TRUE">0</attwidth><atprecis Sync="TRUE">0</atprecis><attscale Sync="TRUE">0</attscale><attrdef Sync="TRUE">Feature geometry.</attrdef><attrdefs Sync="TRUE">Esri</attrdefs><attrdomv><udom Sync="TRUE">Coordinates defining the features.</udom></attrdomv></attr><attr><attrlabl Sync="TRUE">DAUID</attrlabl><attalias Sync="TRUE">DAUID</attalias><attrtype Sync="TRUE">String</attrtype><attwidth Sync="TRUE">8</attwidth><atprecis Sync="TRUE">0</atprecis><attscale Sync="TRUE">0</attscale></attr><attr><attrlabl Sync="TRUE">DGUID</attrlabl><attalias Sync="TRUE">DGUID</attalias><attrtype Sync="TRUE">String</attrtype><attwidth Sync="TRUE">21</attwidth><atprecis Sync="TRUE">0</atprecis><attscale Sync="TRUE">0</attscale></attr><attr><attrlabl Sync="TRUE">LANDAREA</attrlabl><attalias Sync="TRUE">LANDAREA</attalias><attrtype Sync="TRUE">Double</attrtype><attwidth Sync="TRUE">19</attwidth><atprecis Sync="TRUE">0</atprecis><attscale Sync="TRUE">0</attscale></attr><attr><attrlabl Sync="TRUE">PRUID</attrlabl><attalias Sync="TRUE">PRUID</attalias><attrtype Sync="TRUE">String</attrtype><attwidth Sync="TRUE">2</attwidth><atprecis Sync="TRUE">0</atprecis><attscale Sync="TRUE">0</attscale></attr><attr><attrlabl Sync="TRUE">StopDis</attrlabl><attalias Sync="TRUE">StopDis</attalias><attrtype Sync="TRUE">Double</attrtype><attwidth Sync="TRUE">19</attwidth><atprecis Sync="TRUE">0</atprecis><attscale Sync="TRUE">0</attscale></attr><attr><attrlabl Sync="TRUE">CBDDis</attrlabl><attalias Sync="TRUE">CBDDis</attalias><attrtype Sync="TRUE">Double</attrtype><attwidth Sync="TRUE">19</attwidth><atprecis Sync="TRUE">0</atprecis><attscale Sync="TRUE">0</attscale></attr><attr><attrlabl Sync="TRUE">popdensity</attrlabl><attalias Sync="TRUE">popdensity</attalias><attrtype Sync="TRUE">Double</attrtype><attwidth Sync="TRUE">19</attwidth><atprecis Sync="TRUE">0</atprecis><attscale Sync="TRUE">0</attscale></attr><attr><attrlabl Sync="TRUE">H_maintain</attrlabl><attalias Sync="TRUE">H_maintain</attalias><attrtype Sync="TRUE">Double</attrtype><attwidth Sync="TRUE">19</attwidth><atprecis Sync="TRUE">0</atprecis><attscale Sync="TRUE">0</attscale></attr><attr><attrlabl Sync="TRUE">H_rent</attrlabl><attalias Sync="TRUE">H_rent</attalias><attrtype Sync="TRUE">Double</attrtype><attwidth Sync="TRUE">19</attwidth><atprecis Sync="TRUE">0</atprecis><attscale Sync="TRUE">0</attscale></attr><attr><attrlabl Sync="TRUE">green_dens</attrlabl><attalias Sync="TRUE">green_dens</attalias><attrtype Sync="TRUE">Double</attrtype><attwidth Sync="TRUE">19</attwidth><atprecis Sync="TRUE">0</atprecis><attscale Sync="TRUE">0</attscale></attr><attr><attrlabl Sync="TRUE">H_edu</attrlabl><attalias Sync="TRUE">H_edu</attalias><attrtype Sync="TRUE">Integer</attrtype><attwidth Sync="TRUE">10</attwidth><atprecis Sync="TRUE">10</atprecis><attscale Sync="TRUE">0</attscale></attr><attr><attrlabl Sync="TRUE">Age_</attrlabl><attalias Sync="TRUE">Age_</attalias><attrtype Sync="TRUE">Integer</attrtype><attwidth Sync="TRUE">10</attwidth><atprecis Sync="TRUE">10</atprecis><attscale Sync="TRUE">0</attscale></attr><attr><attrlabl Sync="TRUE">Unemploy_R</attrlabl><attalias Sync="TRUE">Unemploy_R</attalias><attrtype Sync="TRUE">Integer</attrtype><attwidth Sync="TRUE">10</attwidth><atprecis Sync="TRUE">10</atprecis><attscale Sync="TRUE">0</attscale></attr><attr><attrlabl Sync="TRUE">MedianInc</attrlabl><attalias Sync="TRUE">MedianInc</attalias><attrtype Sync="TRUE">Integer</attrtype><attwidth Sync="TRUE">10</attwidth><atprecis Sync="TRUE">10</atprecis><attscale Sync="TRUE">0</attscale></attr><attr><attrlabl Sync="TRUE">DIST_Coast</attrlabl><attalias Sync="TRUE">DIST_Coast</attalias><attrtype Sync="TRUE">Double</attrtype><attwidth Sync="TRUE">19</attwidth><atprecis Sync="TRUE">0</atprecis><attscale Sync="TRUE">0</attscale></attr><attr><attrlabl Sync="TRUE">dis_scho</attrlabl><attalias Sync="TRUE">dis_scho</attalias><attrtype Sync="TRUE">Double</attrtype><attwidth Sync="TRUE">19</attwidth><atprecis Sync="TRUE">0</atprecis><attscale Sync="TRUE">0</attscale></attr><attr><attrlabl Sync="TRUE">dis_medi</attrlabl><attalias Sync="TRUE">dis_medi</attalias><attrtype Sync="TRUE">Double</attrtype><attwidth Sync="TRUE">19</attwidth><atprecis Sync="TRUE">0</atprecis><attscale Sync="TRUE">0</attscale></attr><attr><attrlabl Sync="TRUE">SurfaceT</attrlabl><attalias Sync="TRUE">SurfaceT</attalias><attrtype Sync="TRUE">Double</attrtype><attwidth Sync="TRUE">19</attwidth><atprecis Sync="TRUE">0</atprecis><attscale Sync="TRUE">0</attscale></attr><attr><attrlabl Sync="TRUE">PM2_5_Mean</attrlabl><attalias Sync="TRUE">PM2_5_Mean</attalias><attrtype Sync="TRUE">Double</attrtype><attwidth Sync="TRUE">19</attwidth><atprecis Sync="TRUE">0</atprecis><attscale Sync="TRUE">0</attscale></attr><attr><attrlabl Sync="TRUE">Shape_Leng</attrlabl><attalias Sync="TRUE">Shape_Leng</attalias><attrtype Sync="TRUE">Double</attrtype><attwidth Sync="TRUE">19</attwidth><atprecis Sync="TRUE">0</atprecis><attscale Sync="TRUE">0</attscale></attr><attr><attrlabl Sync="TRUE">CrimeRate</attrlabl><attalias Sync="TRUE">CrimeRate</attalias><attrtype Sync="TRUE">Double</attrtype><attwidth Sync="TRUE">19</attwidth><atprecis Sync="TRUE">0</atprecis><attscale Sync="TRUE">0</attscale></attr><attr><attrlabl Sync="TRUE">Shape_Le_1</attrlabl><attalias Sync="TRUE">Shape_Le_1</attalias><attrtype Sync="TRUE">Double</attrtype><attwidth Sync="TRUE">19</attwidth><atprecis Sync="TRUE">0</atprecis><attscale Sync="TRUE">0</attscale></attr><attr><attrlabl Sync="TRUE">Shape_Area</attrlabl><attalias Sync="TRUE">Shape_Area</attalias><attrtype Sync="TRUE">Double</attrtype><attwidth Sync="TRUE">19</attwidth><atprecis Sync="TRUE">0</atprecis><attscale Sync="TRUE">0</attscale><attrdef Sync="TRUE">Area of feature in internal units squared.</attrdef><attrdefs Sync="TRUE">Esri</attrdefs><attrdomv><udom Sync="TRUE">Positive real numbers that are automatically generated.</udom></attrdomv></attr></detailed></eainfo><mdDateSt Sync="TRUE">20251127</mdDateSt></metadata>
